Source_Name,Sample,Date Extracted,Sequence name,SampleID,Sample_or_Control,Site,Age
WISC nasal,1081,8/17/21,LKMG003-001,LKMG003-001_S1,Sample,Nasal,Infant
WISC nasal,1101,8/17/21,LKMG003-002,LKMG003-002_S2,Sample,Nasal,Infant
WISC nasal,1071,8/17/21,LKMG003-003,LKMG003-003_S3,Sample,Nasal,Infant
WISC nasal,1001,8/17/21,LKMG003-004,LKMG003-004_S4,Sample,Nasal,Infant
WISC nasal,1021,8/17/21,LKMG003-005,LKMG003-005_S5,Sample,Nasal,Infant
WISC nasal,1151,8/17/21,LKMG003-006,LKMG003-006_S6,Sample,Nasal,Infant
WISC nasal,1161,8/17/21,LKMG003-007,LKMG003-007_S7,Sample,Nasal,Infant
WISC nasal,1181,8/17/21,LKMG003-008,LKMG003-008_S8,Sample,Nasal,Infant
WISC nasal,1131,8/17/21,LKMG003-009,LKMG003-009_S9,Sample,Nasal,Infant
WISC nasal,1171,8/17/21,LKMG003-010,LKMG003-010_S10,Sample,Nasal,Infant
WISC nasal,1231,8/17/21,LKMG003-011,LKMG003-011_S11,Sample,Nasal,Infant
WISC nasal,1241,8/17/21,LKMG003-012,LKMG003-012_S12,Sample,Nasal,Infant
WISC nasal,1211,8/17/21,LKMG003-013,LKMG003-013_S13,Sample,Nasal,Infant
WISC nasal,1221,8/17/21,LKMG003-014,LKMG003-014_S14,Sample,Nasal,Infant
WISC nasal,1341,8/17/21,LKMG003-015,LKMG003-015_S15,Sample,Nasal,Infant
WISC nasal,1291,8/17/21,LKMG003-016,LKMG003-016_S16,Sample,Nasal,Infant
WISC nasal,1321,8/17/21,LKMG003-017,LKMG003-017_S17,Sample,Nasal,Infant
WISC nasal,1271,8/17/21,LKMG003-018,LKMG003-018_S18,Sample,Nasal,Infant
WISC nasal,1331,8/17/21,LKMG003-019,LKMG003-019_S19,Sample,Nasal,Infant
WISC nasal,1251,8/17/21,LKMG003-020,LKMG003-020_S20,Sample,Nasal,Infant
WISC nasal,1281,8/17/21,LKMG003-021,LKMG003-021_S21,Sample,Nasal,Infant
WISC nasal,7051,8/17/21,LKMG003-022,LKMG003-022_S22,Sample,Nasal,Infant
WISC nasal,H2O Blank (8/17),8/17/21,LKMG003-023,LKMG003-023_S23,Negative Control,Control,Infant
WISC nasal,1391,8/18/21,LKMG003-024,LKMG003-024_S24,Sample,Nasal,Infant
WISC nasal,1311,8/18/21,LKMG003-025,LKMG003-025_S25,Sample,Nasal,Infant
WISC nasal,1361,8/18/21,LKMG003-026,LKMG003-026_S26,Sample,Nasal,Infant
WISC nasal,1371,8/18/21,LKMG003-027,LKMG003-027_S27,Sample,Nasal,Infant
WISC nasal,1381,8/18/21,LKMG003-028,LKMG003-028_S28,Sample,Nasal,Infant
WISC nasal,1431,8/18/21,LKMG003-029,LKMG003-029_S29,Sample,Nasal,Infant
WISC nasal,1401,8/18/21,LKMG003-030,LKMG003-030_S30,Sample,Nasal,Infant
WISC nasal,1351,8/18/21,LKMG003-031,LKMG003-031_S31,Sample,Nasal,Infant
WISC nasal,1421,8/18/21,LKMG003-032,LKMG003-032_S32,Sample,Nasal,Infant
WISC nasal,1501,8/18/21,LKMG003-033,LKMG003-033_S33,Sample,Nasal,Infant
WISC nasal,1451,8/18/21,LKMG003-034,LKMG003-034_S34,Sample,Nasal,Infant
WISC nasal,1471,8/18/21,LKMG003-035,LKMG003-035_S35,Sample,Nasal,Infant
WISC nasal,1481,8/18/21,LKMG003-036,LKMG003-036_S36,Sample,Nasal,Infant
WISC nasal,1511,8/18/21,LKMG003-037,LKMG003-037_S37,Sample,Nasal,Infant
WISC nasal,1411,8/18/21,LKMG003-038,LKMG003-038_S38,Sample,Nasal,Infant
WISC nasal,1461,8/18/21,LKMG003-039,LKMG003-039_S39,Sample,Nasal,Infant
WISC nasal,1581,8/18/21,LKMG003-040,LKMG003-040_S40,Sample,Nasal,Infant
WISC nasal,1601,8/18/21,LKMG003-041,LKMG003-041_S41,Sample,Nasal,Infant
WISC nasal,1441,8/18/21,LKMG003-042,LKMG003-042_S42,Sample,Nasal,Infant
WISC nasal,1621,8/18/21,LKMG003-043,LKMG003-043_S43,Sample,Nasal,Infant
WISC nasal,1671,8/18/21,LKMG003-044,LKMG003-044_S44,Sample,Nasal,Infant
WISC nasal,7101,8/18/21,LKMG003-045,LKMG003-045_S45,Sample,Nasal,Infant
WISC nasal,Blank media (4/8/20),8/18/21,LKMG003-046,LKMG003-046_S46,Negative Control,Control,Infant
WISC nasal,H2O Blank (8/18),8/18/21,LKMG003-047,LKMG003-047_S47,Negative Control,Control,Infant
WISC nasal,1711,8/19/21,LKMG003-048,LKMG003-048_S48,Sample,Nasal,Infant
WISC nasal,1731,8/19/21,LKMG003-049,LKMG003-049_S49,Sample,Nasal,Infant
WISC nasal,1521,8/19/21,LKMG003-050,LKMG003-050_S50,Sample,Nasal,Infant
WISC nasal,1561,8/19/21,LKMG003-051,LKMG003-051_S51,Sample,Nasal,Infant
WISC nasal,1701,8/19/21,LKMG003-052,LKMG003-052_S52,Sample,Nasal,Infant
WISC nasal,1761,8/19/21,LKMG003-053,LKMG003-053_S53,Sample,Nasal,Infant
WISC nasal,1781,8/19/21,LKMG003-054,LKMG003-054_S54,Sample,Nasal,Infant
WISC nasal,1571,8/19/21,LKMG003-055,LKMG003-055_S55,Sample,Nasal,Infant
WISC nasal,1791,8/19/21,LKMG003-056,LKMG003-056_S56,Sample,Nasal,Infant
WISC nasal,1541,8/19/21,LKMG003-057,LKMG003-057_S57,Sample,Nasal,Infant
WISC nasal,1632,8/19/21,LKMG003-058,LKMG003-058_S58,Sample,Nasal,Infant
WISC nasal,1631,8/19/21,LKMG003-059,LKMG003-059_S59,Sample,Nasal,Infant
WISC nasal,1771,8/19/21,LKMG003-060,LKMG003-060_S60,Sample,Nasal,Infant
WISC nasal,1691,8/19/21,LKMG003-061,LKMG003-061_S61,Sample,Nasal,Infant
WISC nasal,1921,8/19/21,LKMG003-062,LKMG003-062_S62,Sample,Nasal,Infant
WISC nasal,1901,8/19/21,LKMG003-063,LKMG003-063_S63,Sample,Nasal,Infant
WISC nasal,1881,8/19/21,LKMG003-064,LKMG003-064_S64,Sample,Nasal,Infant
WISC nasal,1882,8/19/21,LKMG003-065,LKMG003-065_S65,Sample,Nasal,Infant
WISC nasal,1611,8/19/21,LKMG003-066,LKMG003-066_S66,Sample,Nasal,Infant
WISC nasal,1971,8/19/21,LKMG003-067,LKMG003-067_S67,Sample,Nasal,Infant
WISC nasal,1951,8/19/21,LKMG003-068,LKMG003-068_S68,Sample,Nasal,Infant
WISC nasal,7081,8/19/21,LKMG003-069,LKMG003-069_S69,Sample,Nasal,Infant
WISC nasal,H2O Blank (8/19),8/19/21,LKMG003-070,LKMG003-070_S70,Negative Control,Control,Infant
WISC nasal,1841,8/20/21,LKMG003-071,LKMG003-071_S71,Sample,Nasal,Infant
WISC nasal,1871,8/20/21,LKMG003-072,LKMG003-072_S72,Sample,Nasal,Infant
WISC nasal,1801,8/20/21,LKMG003-073,LKMG003-073_S73,Sample,Nasal,Infant
WISC nasal,1981,8/20/21,LKMG003-074,LKMG003-074_S74,Sample,Nasal,Infant
WISC nasal,1851,8/20/21,LKMG003-075,LKMG003-075_S75,Sample,Nasal,Infant
WISC nasal,2101,8/20/21,LKMG003-076,LKMG003-076_S76,Sample,Nasal,Infant
WISC nasal,1741,8/20/21,LKMG003-077,LKMG003-077_S77,Sample,Nasal,Infant
WISC nasal,1991,8/20/21,LKMG003-078,LKMG003-078_S78,Sample,Nasal,Infant
WISC nasal,1831,8/20/21,LKMG003-079,LKMG003-079_S79,Sample,Nasal,Infant
WISC nasal,1641,8/20/21,LKMG003-080,LKMG003-080_S80,Sample,Nasal,Infant
WISC nasal,2031,8/20/21,LKMG003-081,LKMG003-081_S81,Sample,Nasal,Infant
WISC nasal,2021,8/20/21,LKMG003-082,LKMG003-082_S82,Sample,Nasal,Infant
WISC nasal,2061,8/20/21,LKMG003-083,LKMG003-083_S83,Sample,Nasal,Infant
WISC nasal,2011,8/20/21,LKMG003-084,LKMG003-084_S84,Sample,Nasal,Infant
WISC nasal,1651,8/20/21,LKMG003-085,LKMG003-085_S85,Sample,Nasal,Infant
WISC nasal,1861,8/20/21,LKMG003-086,LKMG003-086_S86,Sample,Nasal,Infant
WISC nasal,1931,8/20/21,LKMG003-087,LKMG003-087_S87,Sample,Nasal,Infant
WISC nasal,2081,8/20/21,LKMG003-088,LKMG003-088_S88,Sample,Nasal,Infant
WISC nasal,1941,8/20/21,LKMG003-089,LKMG003-089_S89,Sample,Nasal,Infant
WISC nasal,2121,8/20/21,LKMG003-090,LKMG003-090_S90,Sample,Nasal,Infant
WISC nasal,2201,8/20/21,LKMG003-091,LKMG003-091_S91,Sample,Nasal,Infant
WISC nasal,7091,8/20/21,LKMG003-092,LKMG003-092_S92,Sample,Nasal,Infant
WISC nasal,H2O Blank (8/20),8/20/21,LKMG003-093,LKMG003-093_S93,Negative Control,Control,Infant
WISC nasal,2001,8/21/21,LKMG003-094,LKMG003-094_S94,Sample,Nasal,Infant
WISC nasal,2181,8/21/21,LKMG003-095,LKMG003-095_S589,Sample,Nasal,Infant
WISC nasal,2091,8/21/21,LKMG003-096,LKMG003-096_S590,Sample,Nasal,Infant
WISC nasal,1891,8/21/21,LKMG003-097,LKMG003-097_S95,Sample,Nasal,Infant
WISC nasal,2261,8/21/21,LKMG003-098,LKMG003-098_S96,Sample,Nasal,Infant
WISC nasal,1911,8/21/21,LKMG003-099,LKMG003-099_S97,Sample,Nasal,Infant
WISC nasal,2381,8/21/21,LKMG003-100,LKMG003-100_S98,Sample,Nasal,Infant
WISC nasal,2051,8/21/21,LKMG003-101,LKMG003-101_S99,Sample,Nasal,Infant
WISC nasal,2161,8/21/21,LKMG003-102,LKMG003-102_S100,Sample,Nasal,Infant
WISC nasal,2341,8/21/21,LKMG003-103,LKMG003-103_S101,Sample,Nasal,Infant
WISC nasal,2291,8/21/21,LKMG003-104,LKMG003-104_S102,Sample,Nasal,Infant
WISC nasal,2331,8/21/21,LKMG003-105,LKMG003-105_S103,Sample,Nasal,Infant
WISC nasal,2171,8/21/21,LKMG003-106,LKMG003-106_S104,Sample,Nasal,Infant
WISC nasal,2151,8/21/21,LKMG003-107,LKMG003-107_S105,Sample,Nasal,Infant
WISC nasal,2191,8/21/21,LKMG003-108,LKMG003-108_S106,Sample,Nasal,Infant
WISC nasal,2311,8/21/21,LKMG003-109,LKMG003-109_S107,Sample,Nasal,Infant
WISC nasal,2241,8/21/21,LKMG003-110,LKMG003-110_S108,Sample,Nasal,Infant
WISC nasal,2251,8/21/21,LKMG003-111,LKMG003-111_S109,Sample,Nasal,Infant
WISC nasal,2281,8/21/21,LKMG003-112,LKMG003-112_S110,Sample,Nasal,Infant
WISC nasal,2301,8/21/21,LKMG003-113,LKMG003-113_S111,Sample,Nasal,Infant
WISC nasal,2221,8/21/21,LKMG003-114,LKMG003-114_S112,Sample,Nasal,Infant
WISC nasal,7121,8/21/21,LKMG003-115,LKMG003-115_S113,Sample,Nasal,Infant
WISC nasal,H2O Blank (8/21/21),8/21/21,LKMG003-116,LKMG003-116_S114,Negative Control,Control,Infant
WISC nasal,2271,8/22/21,LKMG003-117,LKMG003-117_S115,Sample,Nasal,Infant
WISC nasal,2131,8/22/21,LKMG003-118,LKMG003-118_S116,Sample,Nasal,Infant
WISC nasal,2471,8/22/21,LKMG003-119,LKMG003-119_S117,Sample,Nasal,Infant
WISC nasal,2411,8/22/21,LKMG003-120,LKMG003-120_S118,Sample,Nasal,Infant
WISC nasal,2371,8/22/21,LKMG003-121,LKMG003-121_S119,Sample,Nasal,Infant
WISC nasal,2441,8/22/21,LKMG003-122,LKMG003-122_S120,Sample,Nasal,Infant
WISC nasal,2541,8/22/21,LKMG003-123,LKMG003-123_S121,Sample,Nasal,Infant
WISC nasal,2431,8/22/21,LKMG003-124,LKMG003-124_S122,Sample,Nasal,Infant
WISC nasal,2461,8/22/21,LKMG003-125,LKMG003-125_S123,Sample,Nasal,Infant
WISC nasal,2531,8/22/21,LKMG003-126,LKMG003-126_S124,Sample,Nasal,Infant
WISC nasal,2631,8/22/21,LKMG003-127,LKMG003-127_S125,Sample,Nasal,Infant
WISC nasal,2551,8/22/21,LKMG003-128,LKMG003-128_S126,Sample,Nasal,Infant
WISC nasal,2581,8/22/21,LKMG003-129,LKMG003-129_S127,Sample,Nasal,Infant
WISC nasal,2231,8/22/21,LKMG003-130,LKMG003-130_S128,Sample,Nasal,Infant
WISC nasal,2491,8/22/21,LKMG003-131,LKMG003-131_S129,Sample,Nasal,Infant
WISC nasal,2351,8/22/21,LKMG003-132,LKMG003-132_S130,Sample,Nasal,Infant
WISC nasal,2501,8/22/21,LKMG003-133,LKMG003-133_S131,Sample,Nasal,Infant
WISC nasal,2561,8/22/21,LKMG003-134,LKMG003-134_S132,Sample,Nasal,Infant
WISC nasal,2621,8/22/21,LKMG003-135,LKMG003-135_S133,Sample,Nasal,Infant
WISC nasal,2391,8/22/21,LKMG003-136,LKMG003-136_S134,Sample,Nasal,Infant
WISC nasal,2521,8/22/21,LKMG003-137,LKMG003-137_S135,Sample,Nasal,Infant
WISC nasal,7131,8/22/21,LKMG003-138,LKMG003-138_S136,Sample,Nasal,Infant
WISC nasal,H2O Blank (8/22/21),8/22/21,LKMG003-139,LKMG003-139_S137,Negative Control,Control,Infant
WISC nasal,2481,8/23/21,LKMG003-140,LKMG003-140_S138,Sample,Nasal,Infant
WISC nasal,2641,8/23/21,LKMG003-141,LKMG003-141_S139,Sample,Nasal,Infant
WISC nasal,2651,8/23/21,LKMG003-142,LKMG003-142_S140,Sample,Nasal,Infant
WISC nasal,2591,8/23/21,LKMG003-143,LKMG003-143_S141,Sample,Nasal,Infant
WISC nasal,2511,8/23/21,LKMG003-144,LKMG003-144_S142,Sample,Nasal,Infant
WISC nasal,2601,8/23/21,LKMG003-145,LKMG003-145_S143,Sample,Nasal,Infant
WISC nasal,2671,8/23/21,LKMG003-146,LKMG003-146_S144,Sample,Nasal,Infant
WISC nasal,2681,8/23/21,LKMG003-147,LKMG003-147_S145,Sample,Nasal,Infant
WISC nasal,2611,8/23/21,LKMG003-148,LKMG003-148_S146,Sample,Nasal,Infant
WISC nasal,2701,8/23/21,LKMG003-149,LKMG003-149_S147,Sample,Nasal,Infant
WISC nasal,2661,8/23/21,LKMG003-150,LKMG003-150_S148,Sample,Nasal,Infant
WISC nasal,2731,8/23/21,LKMG003-151,LKMG003-151_S149,Sample,Nasal,Infant
WISC nasal,2721,8/23/21,LKMG003-152,LKMG003-152_S150,Sample,Nasal,Infant
WISC nasal,2791,8/23/21,LKMG003-153,LKMG003-153_S151,Sample,Nasal,Infant
WISC nasal,2761,8/23/21,LKMG003-154,LKMG003-154_S152,Sample,Nasal,Infant
WISC nasal,2781,8/23/21,LKMG003-155,LKMG003-155_S153,Sample,Nasal,Infant
WISC nasal,2851,8/23/21,LKMG003-156,LKMG003-156_S154,Sample,Nasal,Infant
WISC nasal,2811,8/23/21,LKMG003-157,LKMG003-157_S155,Sample,Nasal,Infant
WISC nasal,2801,8/23/21,LKMG003-158,LKMG003-158_S156,Sample,Nasal,Infant
WISC nasal,2711,8/23/21,LKMG003-159,LKMG003-159_S157,Sample,Nasal,Infant
WISC nasal,7151,8/23/21,LKMG003-160,LKMG003-160_S158,Sample,Nasal,Infant
WISC nasal,H2o blank (8/23/21),8/23/21,LKMG003-161,LKMG003-161_S159,Negative Control,Control,Infant
WISC nasal,2941,8/24/21,LKMG003-162,LKMG003-162_S160,Sample,Nasal,Infant
WISC nasal,2831,8/24/21,LKMG003-163,LKMG003-163_S161,Sample,Nasal,Infant
WISC nasal,2991,8/24/21,LKMG003-164,LKMG003-164_S162,Sample,Nasal,Infant
WISC nasal,2751,8/24/21,LKMG003-165,LKMG003-165_S163,Sample,Nasal,Infant
WISC nasal,3011,8/24/21,LKMG003-166,LKMG003-166_S164,Sample,Nasal,Infant
WISC nasal,3021,8/24/21,LKMG003-167,LKMG003-167_S165,Sample,Nasal,Infant
WISC nasal,3041,8/24/21,LKMG003-168,LKMG003-168_S166,Sample,Nasal,Infant
WISC nasal,2861,8/24/21,LKMG003-169,LKMG003-169_S167,Sample,Nasal,Infant
WISC nasal,3071,8/24/21,LKMG003-170,LKMG003-170_S168,Sample,Nasal,Infant
WISC nasal,2971,8/24/21,LKMG003-171,LKMG003-171_S169,Sample,Nasal,Infant
WISC nasal,2911,8/24/21,LKMG003-172,LKMG003-172_S170,Sample,Nasal,Infant
WISC nasal,2841,8/24/21,LKMG003-173,LKMG003-173_S171,Sample,Nasal,Infant
WISC nasal,2921,8/24/21,LKMG003-174,LKMG003-174_S172,Sample,Nasal,Infant
WISC nasal,3031,8/24/21,LKMG003-175,LKMG003-175_S173,Sample,Nasal,Infant
WISC nasal,2931,8/24/21,LKMG003-176,LKMG003-176_S174,Sample,Nasal,Infant
WISC nasal,3091,8/24/21,LKMG003-177,LKMG003-177_S175,Sample,Nasal,Infant
WISC nasal,3101,8/24/21,LKMG003-178,LKMG003-178_S176,Sample,Nasal,Infant
WISC nasal,3111,8/24/21,LKMG003-179,LKMG003-179_S177,Sample,Nasal,Infant
WISC nasal,3061,8/24/21,LKMG003-180,LKMG003-180_S178,Sample,Nasal,Infant
WISC nasal,3171,8/24/21,LKMG003-181,LKMG003-181_S179,Sample,Nasal,Infant
WISC nasal,3151,8/24/21,LKMG003-182,LKMG003-182_S180,Sample,Nasal,Infant
WISC nasal,7161,8/24/21,LKMG003-183,LKMG003-183_S181,Sample,Nasal,Infant
WISC nasal,7111,8/24/21,LKMG003-184,LKMG003-184_S182,Sample,Nasal,Infant
WISC nasal,H2O blank (8/24/21),8/24/21,LKMG003-185,LKMG003-185_S183,Negative Control,Control,Infant
WISC nasal,3221,8/25/21,LKMG003-186,LKMG003-186_S184,Sample,Nasal,Infant
WISC nasal,3241,8/25/21,LKMG003-187,LKMG003-187_S185,Sample,Nasal,Infant
WISC nasal,3331,8/25/21,LKMG003-188,LKMG003-188_S186,Sample,Nasal,Infant
WISC nasal,3251,8/25/21,LKMG003-189,LKMG003-189_S187,Sample,Nasal,Infant
WISC nasal,3291,8/25/21,LKMG003-190,LKMG003-190_S188,Sample,Nasal,Infant
WISC nasal,3311,8/25/21,LKMG003-191,LKMG003-191_S591,Sample,Nasal,Infant
WISC nasal,3371,8/25/21,LKMG003-192,LKMG003-192_S592,Sample,Nasal,Infant
WISC nasal,3401,8/25/21,LKMG003-193,LKMG003-193_S189,Sample,Nasal,Infant
WISC nasal,3431,8/25/21,LKMG003-194,LKMG003-194_S190,Sample,Nasal,Infant
WISC nasal,3461,8/25/21,LKMG003-195,LKMG003-195_S191,Sample,Nasal,Infant
WISC nasal,3501,8/25/21,LKMG003-196,LKMG003-196_S192,Sample,Nasal,Infant
WISC nasal,3511,8/25/21,LKMG003-197,LKMG003-197_S193,Sample,Nasal,Infant
WISC nasal,3521,8/25/21,LKMG003-198,LKMG003-198_S194,Sample,Nasal,Infant
WISC nasal,3691,8/25/21,LKMG003-199,LKMG003-199_S195,Sample,Nasal,Infant
WISC nasal,3531,8/25/21,LKMG003-200,LKMG003-200_S196,Sample,Nasal,Infant
WISC nasal,3561,8/25/21,LKMG003-201,LKMG003-201_S197,Sample,Nasal,Infant
WISC nasal,3441,8/25/21,LKMG003-202,LKMG003-202_S198,Sample,Nasal,Infant
WISC nasal,3621,8/25/21,LKMG003-203,LKMG003-203_S199,Sample,Nasal,Infant
WISC nasal,3751,8/25/21,LKMG003-204,LKMG003-204_S200,Sample,Nasal,Infant
WISC nasal,3771,8/25/21,LKMG003-205,LKMG003-205_S201,Sample,Nasal,Infant
WISC nasal,3651,8/25/21,LKMG003-206,LKMG003-206_S202,Sample,Nasal,Infant
WISC nasal,7141,8/25/21,LKMG003-207,LKMG003-207_S203,Sample,Nasal,Infant
WISC nasal,7201,8/25/21,LKMG003-208,LKMG003-208_S204,Sample,Nasal,Infant
WISC nasal,H2O blank (8/25/21),8/25/21,LKMG003-209,LKMG003-209_S205,Negative Control,Control,Infant
WISC nasal,3541,8/27/21,LKMG003-210,LKMG003-210_S206,Sample,Nasal,Infant
WISC nasal,3581,8/27/21,LKMG003-211,LKMG003-211_S207,Sample,Nasal,Infant
WISC nasal,3611,8/27/21,LKMG003-212,LKMG003-212_S208,Sample,Nasal,Infant
WISC nasal,3791,8/27/21,LKMG003-213,LKMG003-213_S209,Sample,Nasal,Infant
WISC nasal,3571,8/27/21,LKMG003-214,LKMG003-214_S210,Sample,Nasal,Infant
WISC nasal,3731,8/27/21,LKMG003-215,LKMG003-215_S211,Sample,Nasal,Infant
WISC nasal,3741,8/27/21,LKMG003-216,LKMG003-216_S212,Sample,Nasal,Infant
WISC nasal,3781,8/27/21,LKMG003-217,LKMG003-217_S213,Sample,Nasal,Infant
WISC nasal,3711,8/27/21,LKMG003-218,LKMG003-218_S214,Sample,Nasal,Infant
WISC nasal,3631,8/27/21,LKMG003-219,LKMG003-219_S215,Sample,Nasal,Infant
WISC nasal,3721,8/27/21,LKMG003-220,LKMG003-220_S216,Sample,Nasal,Infant
WISC nasal,3641,8/27/21,LKMG003-221,LKMG003-221_S217,Sample,Nasal,Infant
WISC nasal,3801,8/27/21,LKMG003-222,LKMG003-222_S218,Sample,Nasal,Infant
WISC nasal,3861,8/27/21,LKMG003-223,LKMG003-223_S219,Sample,Nasal,Infant
WISC nasal,3871,8/27/21,LKMG003-224,LKMG003-224_S220,Sample,Nasal,Infant
WISC nasal,3901,8/27/21,LKMG003-225,LKMG003-225_S221,Sample,Nasal,Infant
WISC nasal,3821,8/27/21,LKMG003-226,LKMG003-226_S222,Sample,Nasal,Infant
WISC nasal,3921,8/27/21,LKMG003-227,LKMG003-227_S223,Sample,Nasal,Infant
WISC nasal,3841,8/27/21,LKMG003-228,LKMG003-228_S224,Sample,Nasal,Infant
WISC nasal,3881,8/27/21,LKMG003-229,LKMG003-229_S225,Sample,Nasal,Infant
WISC nasal,3951,8/27/21,LKMG003-230,LKMG003-230_S226,Sample,Nasal,Infant
WISC nasal,7221,8/27/21,LKMG003-231,LKMG003-231_S227,Sample,Nasal,Infant
WISC nasal,7191,8/27/21,LKMG003-232,LKMG003-232_S228,Sample,Nasal,Infant
WISC nasal,H2O blank (8/27/21),8/27/21,LKMG003-233,LKMG003-233_S229,Negative Control,Control,Infant
WISC nasal,3891,8/27/21,LKMG003-234,LKMG003-234_S230,Sample,Nasal,Infant
WISC nasal,1041,8/27/21,LKMG003-235,LKMG003-235_S231,Sample,Nasal,Infant
WISC nasal,1111,8/27/21,LKMG003-236,LKMG003-236_S232,Sample,Nasal,Infant
WISC nasal,1051,8/27/21,LKMG003-237,LKMG003-237_S233,Sample,Nasal,Infant
WISC nasal,1191,8/27/21,LKMG003-238,LKMG003-238_S234,Sample,Nasal,Infant
WISC nasal,7231,8/27/21,LKMG003-239,LKMG003-239_S235,Sample,Nasal,Infant
WISC nasal,7271,8/27/21,LKMG003-240,LKMG003-240_S236,Sample,Nasal,Infant
WISC nasal,7291,8/27/21,LKMG003-241,LKMG003-241_S237,Sample,Nasal,Infant
WISC nasal,H2O blank (8/27/21),8/27/21,LKMG003-242,LKMG003-242_S238,Negative Control,Control,Infant
WISC oral,2631,8/29/21,LKMG003-243,LKMG003-243_S239,Sample,Oral,Infant
WISC oral,2531,8/29/21,LKMG003-244,LKMG003-244_S240,Sample,Oral,Infant
WISC oral,2551,8/29/21,LKMG003-245,LKMG003-245_S241,Sample,Oral,Infant
WISC oral,2581,8/29/21,LKMG003-246,LKMG003-246_S242,Sample,Oral,Infant
WISC oral,2491,8/29/21,LKMG003-247,LKMG003-247_S243,Sample,Oral,Infant
WISC oral,2231,8/29/21,LKMG003-248,LKMG003-248_S244,Sample,Oral,Infant
WISC oral,2501,8/29/21,LKMG003-249,LKMG003-249_S245,Sample,Oral,Infant
WISC oral,2351,8/29/21,LKMG003-250,LKMG003-250_S246,Sample,Oral,Infant
WISC oral,2561,8/29/21,LKMG003-251,LKMG003-251_S247,Sample,Oral,Infant
WISC oral,2621,8/29/21,LKMG003-252,LKMG003-252_S248,Sample,Oral,Infant
WISC oral,2521,8/29/21,LKMG003-253,LKMG003-253_S249,Sample,Oral,Infant
WISC oral,2391,8/29/21,LKMG003-254,LKMG003-254_S250,Sample,Oral,Infant
WISC oral,2641,8/29/21,LKMG003-255,LKMG003-255_S251,Sample,Oral,Infant
WISC oral,2481,8/29/21,LKMG003-256,LKMG003-256_S252,Sample,Oral,Infant
WISC oral,2651,8/29/21,LKMG003-257,LKMG003-257_S253,Sample,Oral,Infant
WISC oral,2511,8/29/21,LKMG003-258,LKMG003-258_S254,Sample,Oral,Infant
WISC oral,2591,8/29/21,LKMG003-259,LKMG003-259_S255,Sample,Oral,Infant
WISC oral,2601,8/29/21,LKMG003-260,LKMG003-260_S256,Sample,Oral,Infant
WISC oral,2671,8/29/21,LKMG003-261,LKMG003-261_S257,Sample,Oral,Infant
WISC oral,2611,8/29/21,LKMG003-262,LKMG003-262_S258,Sample,Oral,Infant
WISC oral,2681,8/29/21,LKMG003-263,LKMG003-263_S259,Sample,Oral,Infant
WISC oral,2701,8/29/21,LKMG003-264,LKMG003-264_S260,Sample,Oral,Infant
WISC oral,2661,8/29/21,LKMG003-265,LKMG003-265_S261,Sample,Oral,Infant
WISC oral,H2O blank (8/29/21),8/29/21,LKMG003-266,LKMG003-266_S262,Negative Control,Control,Infant
WISC oral,2731,8/30/21,LKMG003-267,LKMG003-267_S263,Sample,Oral,Infant
WISC oral,2721,8/30/21,LKMG003-268,LKMG003-268_S264,Sample,Oral,Infant
WISC oral,2791,8/30/21,LKMG003-269,LKMG003-269_S265,Sample,Oral,Infant
WISC oral,2761,8/30/21,LKMG003-270,LKMG003-270_S266,Sample,Oral,Infant
WISC oral,2781,8/30/21,LKMG003-271,LKMG003-271_S267,Sample,Oral,Infant
WISC oral,2851,8/30/21,LKMG003-272,LKMG003-272_S268,Sample,Oral,Infant
WISC oral,2811,8/30/21,LKMG003-273,LKMG003-273_S269,Sample,Oral,Infant
WISC oral,2801,8/30/21,LKMG003-274,LKMG003-274_S270,Sample,Oral,Infant
WISC oral,2881,8/30/21,LKMG003-275,LKMG003-275_S271,Sample,Oral,Infant
WISC oral,2711,8/30/21,LKMG003-276,LKMG003-276_S272,Sample,Oral,Infant
WISC oral,2821,8/30/21,LKMG003-277,LKMG003-277_S273,Sample,Oral,Infant
WISC oral,2831,8/30/21,LKMG003-278,LKMG003-278_S274,Sample,Oral,Infant
WISC oral,2941,8/30/21,LKMG003-279,LKMG003-279_S275,Sample,Oral,Infant
WISC oral,2751,8/30/21,LKMG003-280,LKMG003-280_S276,Sample,Oral,Infant
WISC oral,2991,8/30/21,LKMG003-281,LKMG003-281_S277,Sample,Oral,Infant
WISC oral,3011,8/30/21,LKMG003-282,LKMG003-282_S278,Sample,Oral,Infant
WISC oral,3021,8/30/21,LKMG003-283,LKMG003-283_S279,Sample,Oral,Infant
WISC oral,3041,8/30/21,LKMG003-284,LKMG003-284_S280,Sample,Oral,Infant
WISC oral,3071,8/30/21,LKMG003-285,LKMG003-285_S281,Sample,Oral,Infant
WISC oral,2861,8/30/21,LKMG003-286,LKMG003-286_S282,Sample,Oral,Infant
WISC oral,2911,8/30/21,LKMG003-287,LKMG003-287_S593,Sample,Oral,Infant
WISC oral,2971,8/30/21,LKMG003-288,LKMG003-288_S594,Sample,Oral,Infant
WISC oral,2841,8/30/21,LKMG003-289,LKMG003-289_S283,Sample,Oral,Infant
WISC oral,H2O blank (8/30/21),8/30/21,LKMG003-290,LKMG003-290_S284,Negative Control,Control,Infant
WISC oral,2921,8/31/21,LKMG003-291,LKMG003-291_S285,Sample,Oral,Infant
WISC oral,3031,8/31/21,LKMG003-292,LKMG003-292_S286,Sample,Oral,Infant
WISC oral,2931,8/31/21,LKMG003-293,LKMG003-293_S287,Sample,Oral,Infant
WISC oral,3091,8/31/21,LKMG003-294,LKMG003-294_S288,Sample,Oral,Infant
WISC oral,3101,8/31/21,LKMG003-295,LKMG003-295_S289,Sample,Oral,Infant
WISC oral,3111,8/31/21,LKMG003-296,LKMG003-296_S290,Sample,Oral,Infant
WISC oral,3061,8/31/21,LKMG003-297,LKMG003-297_S291,Sample,Oral,Infant
WISC oral,3151,8/31/21,LKMG003-298,LKMG003-298_S292,Sample,Oral,Infant
WISC oral,3171,8/31/21,LKMG003-299,LKMG003-299_S293,Sample,Oral,Infant
WISC oral,3221,8/31/21,LKMG003-300,LKMG003-300_S294,Sample,Oral,Infant
WISC oral,3241,8/31/21,LKMG003-301,LKMG003-301_S295,Sample,Oral,Infant
WISC oral,3331,8/31/21,LKMG003-302,LKMG003-302_S296,Sample,Oral,Infant
WISC oral,3251,8/31/21,LKMG003-303,LKMG003-303_S297,Sample,Oral,Infant
WISC oral,3291,8/31/21,LKMG003-304,LKMG003-304_S298,Sample,Oral,Infant
WISC oral,3311,8/31/21,LKMG003-305,LKMG003-305_S299,Sample,Oral,Infant
WISC oral,3371,8/31/21,LKMG003-306,LKMG003-306_S300,Sample,Oral,Infant
WISC oral,3401,8/31/21,LKMG003-307,LKMG003-307_S301,Sample,Oral,Infant
WISC oral,3431,8/31/21,LKMG003-308,LKMG003-308_S302,Sample,Oral,Infant
WISC oral,3461,8/31/21,LKMG003-309,LKMG003-309_S303,Sample,Oral,Infant
WISC oral,3501,8/31/21,LKMG003-310,LKMG003-310_S304,Sample,Oral,Infant
WISC oral,3511,8/31/21,LKMG003-311,LKMG003-311_S305,Sample,Oral,Infant
WISC oral,3521,8/31/21,LKMG003-312,LKMG003-312_S306,Sample,Oral,Infant
WISC oral,3531,8/31/21,LKMG003-313,LKMG003-313_S307,Sample,Oral,Infant
WISC oral,H2O blank (8/31/21),8/31/21,LKMG003-314,LKMG003-314_S308,Negative Control,Control,Infant
WISC oral,3691,9/1/21,LKMG003-315,LKMG003-315_S309,Sample,Oral,Infant
WISC oral,3561,9/1/21,LKMG003-316,LKMG003-316_S310,Sample,Oral,Infant
WISC oral,3441,9/1/21,LKMG003-317,LKMG003-317_S311,Sample,Oral,Infant
WISC oral,3751,9/1/21,LKMG003-318,LKMG003-318_S312,Sample,Oral,Infant
WISC oral,3651,9/1/21,LKMG003-319,LKMG003-319_S313,Sample,Oral,Infant
WISC oral,3771,9/1/21,LKMG003-320,LKMG003-320_S314,Sample,Oral,Infant
WISC oral,3541,9/1/21,LKMG003-321,LKMG003-321_S315,Sample,Oral,Infant
WISC oral,3581,9/1/21,LKMG003-322,LKMG003-322_S316,Sample,Oral,Infant
WISC oral,3611,9/1/21,LKMG003-323,LKMG003-323_S317,Sample,Oral,Infant
WISC oral,3621,9/1/21,LKMG003-324,LKMG003-324_S318,Sample,Oral,Infant
WISC oral,3791,9/1/21,LKMG003-325,LKMG003-325_S319,Sample,Oral,Infant
WISC oral,3571,9/1/21,LKMG003-326,LKMG003-326_S320,Sample,Oral,Infant
WISC oral,3731,9/1/21,LKMG003-327,LKMG003-327_S321,Sample,Oral,Infant
WISC oral,3721,9/1/21,LKMG003-328,LKMG003-328_S322,Sample,Oral,Infant
WISC oral,3631,9/1/21,LKMG003-329,LKMG003-329_S323,Sample,Oral,Infant
WISC oral,3741,9/1/21,LKMG003-330,LKMG003-330_S324,Sample,Oral,Infant
WISC oral,3781,9/1/21,LKMG003-331,LKMG003-331_S325,Sample,Oral,Infant
WISC oral,3641,9/1/21,LKMG003-332,LKMG003-332_S326,Sample,Oral,Infant
WISC oral,3711,9/1/21,LKMG003-333,LKMG003-333_S327,Sample,Oral,Infant
WISC oral,3801,9/1/21,LKMG003-334,LKMG003-334_S328,Sample,Oral,Infant
WISC oral,3861,9/1/21,LKMG003-335,LKMG003-335_S329,Sample,Oral,Infant
WISC oral,3871,9/1/21,LKMG003-336,LKMG003-336_S330,Sample,Oral,Infant
WISC oral,3901,9/1/21,LKMG003-337,LKMG003-337_S331,Sample,Oral,Infant
WISC oral,H2O blank (9/1/21),9/1/21,LKMG003-338,LKMG003-338_S332,Negative Control,Control,Infant
WISC oral,3821,9/7/21,LKMG003-339,LKMG003-339_S333,Sample,Oral,Infant
WISC oral,3921,9/7/21,LKMG003-340,LKMG003-340_S334,Sample,Oral,Infant
WISC oral,3841,9/7/21,LKMG003-341,LKMG003-341_S335,Sample,Oral,Infant
WISC oral,1601,9/7/21,LKMG003-342,LKMG003-342_S336,Sample,Oral,Infant
WISC oral,1441,9/7/21,LKMG003-343,LKMG003-343_S337,Sample,Oral,Infant
WISC oral,1621,9/7/21,LKMG003-344,LKMG003-344_S338,Sample,Oral,Infant
WISC oral,1671,9/7/21,LKMG003-345,LKMG003-345_S339,Sample,Oral,Infant
WISC oral,1711,9/7/21,LKMG003-346,LKMG003-346_S340,Sample,Oral,Infant
WISC oral,1731,9/7/21,LKMG003-347,LKMG003-347_S341,Sample,Oral,Infant
WISC oral,1521,9/7/21,LKMG003-348,LKMG003-348_S342,Sample,Oral,Infant
WISC oral,1561,9/7/21,LKMG003-349,LKMG003-349_S343,Sample,Oral,Infant
WISC oral,1701,9/7/21,LKMG003-350,LKMG003-350_S344,Sample,Oral,Infant
WISC oral,1761,9/7/21,LKMG003-351,LKMG003-351_S345,Sample,Oral,Infant
WISC oral,1781,9/7/21,LKMG003-352,LKMG003-352_S346,Sample,Oral,Infant
WISC oral,1571,9/7/21,LKMG003-353,LKMG003-353_S347,Sample,Oral,Infant
WISC oral,1791,9/7/21,LKMG003-354,LKMG003-354_S348,Sample,Oral,Infant
WISC oral,1541,9/7/21,LKMG003-355,LKMG003-355_S349,Sample,Oral,Infant
WISC oral,1632,9/7/21,LKMG003-356,LKMG003-356_S350,Sample,Oral,Infant
WISC oral,1631,9/7/21,LKMG003-357,LKMG003-357_S351,Sample,Oral,Infant
WISC oral,1771,9/7/21,LKMG003-358,LKMG003-358_S352,Sample,Oral,Infant
WISC oral,1691,9/7/21,LKMG003-359,LKMG003-359_S353,Sample,Oral,Infant
WISC oral,1921,9/7/21,LKMG003-360,LKMG003-360_S354,Sample,Oral,Infant
WISC oral,1901,9/7/21,LKMG003-361,LKMG003-361_S355,Sample,Oral,Infant
WISC oral,H2O blank (9/7/21),9/7/21,LKMG003-362,LKMG003-362_S356,Negative Control,Control,Infant
WISC oral,1881,9/7/21,LKMG003-363,LKMG003-363_S357,Sample,Oral,Infant
WISC oral,1882,9/7/21,LKMG003-364,LKMG003-364_S358,Sample,Oral,Infant
WISC oral,1611,9/7/21,LKMG003-365,LKMG003-365_S359,Sample,Oral,Infant
WISC oral,1971,9/7/21,LKMG003-366,LKMG003-366_S360,Sample,Oral,Infant
WISC oral,1951,9/7/21,LKMG003-367,LKMG003-367_S361,Sample,Oral,Infant
WISC oral,1841,9/7/21,LKMG003-368,LKMG003-368_S362,Sample,Oral,Infant
WISC oral,1871,9/7/21,LKMG003-369,LKMG003-369_S363,Sample,Oral,Infant
WISC oral,1801,9/7/21,LKMG003-370,LKMG003-370_S364,Sample,Oral,Infant
WISC oral,1981,9/7/21,LKMG003-371,LKMG003-371_S365,Sample,Oral,Infant
WISC oral,1851,9/7/21,LKMG003-372,LKMG003-372_S366,Sample,Oral,Infant
WISC oral,2101,9/7/21,LKMG003-373,LKMG003-373_S367,Sample,Oral,Infant
WISC oral,1741,9/7/21,LKMG003-374,LKMG003-374_S368,Sample,Oral,Infant
WISC oral,1991,9/7/21,LKMG003-375,LKMG003-375_S369,Sample,Oral,Infant
WISC oral,1831,9/7/21,LKMG003-376,LKMG003-376_S370,Sample,Oral,Infant
WISC oral,1641,9/7/21,LKMG003-377,LKMG003-377_S371,Sample,Oral,Infant
WISC oral,2031,9/7/21,LKMG003-378,LKMG003-378_S372,Sample,Oral,Infant
WISC oral,2021,9/7/21,LKMG003-379,LKMG003-379_S373,Sample,Oral,Infant
WISC oral,2061,9/7/21,LKMG003-380,LKMG003-380_S374,Sample,Oral,Infant
WISC oral,2011,9/7/21,LKMG003-381,LKMG003-381_S375,Sample,Oral,Infant
WISC oral,1651,9/7/21,LKMG003-382,LKMG003-382_S376,Sample,Oral,Infant
WISC oral,1861,9/7/21,LKMG003-383,LKMG003-383_S595,Sample,Oral,Infant
WISC oral,1931,9/7/21,LKMG003-384,LKMG003-384_S596,Sample,Oral,Infant
WISC oral,1941,9/7/21,LKMG003-385,LKMG003-385_S377,Sample,Oral,Infant
WISC oral,H2O blank (9/7/21),9/7/21,LKMG003-386,LKMG003-386_S378,Negative Control,Control,Infant
WISC oral,2201,9/8/21,LKMG003-387,LKMG003-387_S379,Sample,Oral,Infant
WISC oral,2081,9/8/21,LKMG003-388,LKMG003-388_S380,Sample,Oral,Infant
WISC oral,2121,9/8/21,LKMG003-389,LKMG003-389_S381,Sample,Oral,Infant
WISC oral,2001,9/8/21,LKMG003-390,LKMG003-390_S382,Sample,Oral,Infant
WISC oral,2181,9/8/21,LKMG003-391,LKMG003-391_S383,Sample,Oral,Infant
WISC oral,1891,9/8/21,LKMG003-392,LKMG003-392_S384,Sample,Oral,Infant
WISC oral,2091,9/8/21,LKMG003-393,LKMG003-393_S385,Sample,Oral,Infant
WISC oral,2261,9/8/21,LKMG003-394,LKMG003-394_S386,Sample,Oral,Infant
WISC oral,1911,9/8/21,LKMG003-395,LKMG003-395_S387,Sample,Oral,Infant
WISC oral,2381,9/8/21,LKMG003-396,LKMG003-396_S388,Sample,Oral,Infant
WISC oral,2161,9/8/21,LKMG003-397,LKMG003-397_S389,Sample,Oral,Infant
WISC oral,2051,9/8/21,LKMG003-398,LKMG003-398_S390,Sample,Oral,Infant
WISC oral,2291,9/8/21,LKMG003-399,LKMG003-399_S391,Sample,Oral,Infant
WISC oral,2191,9/8/21,LKMG003-400,LKMG003-400_S392,Sample,Oral,Infant
WISC oral,2331,9/8/21,LKMG003-401,LKMG003-401_S393,Sample,Oral,Infant
WISC oral,2171,9/8/21,LKMG003-402,LKMG003-402_S394,Sample,Oral,Infant
WISC oral,2151,9/8/21,LKMG003-403,LKMG003-403_S395,Sample,Oral,Infant
WISC oral,2311,9/8/21,LKMG003-404,LKMG003-404_S396,Sample,Oral,Infant
WISC oral,2241,9/8/21,LKMG003-405,LKMG003-405_S397,Sample,Oral,Infant
WISC oral,2251,9/8/21,LKMG003-406,LKMG003-406_S398,Sample,Oral,Infant
WISC oral,2281,9/8/21,LKMG003-407,LKMG003-407_S399,Sample,Oral,Infant
WISC oral,2301,9/8/21,LKMG003-408,LKMG003-408_S400,Sample,Oral,Infant
WISC oral,Media blank,9/8/21,LKMG003-409,LKMG003-409_S401,Negative Control,Control,Infant
WISC oral,H2O blank (9/8/21),9/8/21,LKMG003-410,LKMG003-410_S402,Negative Control,Control,Infant
WISC oral,2221,9/9/21,LKMG003-411,LKMG003-411_S403,Sample,Oral,Infant
WISC oral,2271,9/9/21,LKMG003-412,LKMG003-412_S404,Sample,Oral,Infant
WISC oral,2131,9/9/21,LKMG003-413,LKMG003-413_S405,Sample,Oral,Infant
WISC oral,2471,9/9/21,LKMG003-414,LKMG003-414_S406,Sample,Oral,Infant
WISC oral,2411,9/9/21,LKMG003-415,LKMG003-415_S407,Sample,Oral,Infant
WISC oral,2371,9/9/21,LKMG003-416,LKMG003-416_S408,Sample,Oral,Infant
WISC oral,2441,9/9/21,LKMG003-417,LKMG003-417_S409,Sample,Oral,Infant
WISC oral,2541,9/9/21,LKMG003-418,LKMG003-418_S410,Sample,Oral,Infant
WISC oral,2431,9/9/21,LKMG003-419,LKMG003-419_S411,Sample,Oral,Infant
WISC oral,2461,9/9/21,LKMG003-420,LKMG003-420_S412,Sample,Oral,Infant
WISC oral,1041,9/9/21,LKMG003-421,LKMG003-421_S413,Sample,Oral,Infant
WISC oral,1111,9/9/21,LKMG003-422,LKMG003-422_S414,Sample,Oral,Infant
WISC oral,1051,9/9/21,LKMG003-423,LKMG003-423_S415,Sample,Oral,Infant
WISC oral,1191,9/9/21,LKMG003-424,LKMG003-424_S416,Sample,Oral,Infant
WISC oral,1081,9/9/21,LKMG003-425,LKMG003-425_S417,Sample,Oral,Infant
WISC oral,1101,9/9/21,LKMG003-426,LKMG003-426_S418,Sample,Oral,Infant
WISC oral,1071,9/9/21,LKMG003-427,LKMG003-427_S419,Sample,Oral,Infant
WISC oral,1001,9/9/21,LKMG003-428,LKMG003-428_S420,Sample,Oral,Infant
WISC oral,1021,9/9/21,LKMG003-429,LKMG003-429_S421,Sample,Oral,Infant
WISC oral,1151,9/9/21,LKMG003-430,LKMG003-430_S422,Sample,Oral,Infant
WISC oral,1161,9/9/21,LKMG003-431,LKMG003-431_S423,Sample,Oral,Infant
WISC oral,1181,9/9/21,LKMG003-432,LKMG003-432_S424,Sample,Oral,Infant
WISC oral,H2O blank (9/9/21),9/9/21,LKMG003-433,LKMG003-433_S425,Negative Control,Control,Infant
WISC oral,1131,9/10/21,LKMG003-434,LKMG003-434_S426,Sample,Oral,Infant
WISC oral,1171,9/10/21,LKMG003-435,LKMG003-435_S427,Sample,Oral,Infant
WISC oral,1231,9/10/21,LKMG003-436,LKMG003-436_S428,Sample,Oral,Infant
WISC oral,1241,9/10/21,LKMG003-437,LKMG003-437_S429,Sample,Oral,Infant
WISC oral,1211,9/10/21,LKMG003-438,LKMG003-438_S430,Sample,Oral,Infant
WISC oral,1221,9/10/21,LKMG003-439,LKMG003-439_S431,Sample,Oral,Infant
WISC oral,1341,9/10/21,LKMG003-440,LKMG003-440_S432,Sample,Oral,Infant
WISC oral,1291,9/10/21,LKMG003-441,LKMG003-441_S433,Sample,Oral,Infant
WISC oral,1321,9/10/21,LKMG003-442,LKMG003-442_S434,Sample,Oral,Infant
WISC oral,1271,9/10/21,LKMG003-443,LKMG003-443_S435,Sample,Oral,Infant
WISC oral,1331,9/10/21,LKMG003-444,LKMG003-444_S436,Sample,Oral,Infant
WISC oral,1251,9/10/21,LKMG003-445,LKMG003-445_S437,Sample,Oral,Infant
WISC oral,1281,9/10/21,LKMG003-446,LKMG003-446_S438,Sample,Oral,Infant
WISC oral,1391,9/10/21,LKMG003-447,LKMG003-447_S439,Sample,Oral,Infant
WISC oral,1311,9/10/21,LKMG003-448,LKMG003-448_S440,Sample,Oral,Infant
WISC oral,1361,9/10/21,LKMG003-449,LKMG003-449_S441,Sample,Oral,Infant
WISC oral,1371,9/10/21,LKMG003-450,LKMG003-450_S442,Sample,Oral,Infant
WISC oral,1381,9/10/21,LKMG003-451,LKMG003-451_S443,Sample,Oral,Infant
WISC oral,1431,9/10/21,LKMG003-452,LKMG003-452_S444,Sample,Oral,Infant
WISC oral,1401,9/10/21,LKMG003-453,LKMG003-453_S445,Sample,Oral,Infant
WISC oral,1351,9/10/21,LKMG003-454,LKMG003-454_S446,Sample,Oral,Infant
WISC oral,1421,9/10/21,LKMG003-455,LKMG003-455_S447,Sample,Oral,Infant
WISC oral,H2O blank (9/10/21),9/10/21,LKMG003-456,LKMG003-456_S448,Negative Control,Control,Infant
WISC oral,1501,9/10/21,LKMG003-457,LKMG003-457_S449,Sample,Oral,Infant
WISC oral,1451,9/13/21,LKMG003-458,LKMG003-458_S450,Sample,Oral,Infant
WISC oral,1471,9/13/21,LKMG003-459,LKMG003-459_S451,Sample,Oral,Infant
WISC oral,1481,9/13/21,LKMG003-460,LKMG003-460_S452,Sample,Oral,Infant
WISC oral,1511,9/13/21,LKMG003-461,LKMG003-461_S453,Sample,Oral,Infant
WISC oral,1411,9/13/21,LKMG003-462,LKMG003-462_S454,Sample,Oral,Infant
WISC oral,1461,9/13/21,LKMG003-463,LKMG003-463_S455,Sample,Oral,Infant
WISC oral,1581,9/13/21,LKMG003-464,LKMG003-464_S456,Sample,Oral,Infant
WISC oral,H2O blank (9/13/21),9/13/21,LKMG003-465,LKMG003-465_S457,Negative Control,Control,Infant
buccal mucosa,675950834,,SRS103943,SRS103943,Sample,Oral,Adult
external naris,675950834,,SRS103959,SRS103959,Sample,Nasal,Adult
external naris,508703490,,SRS104155,SRS104155,Sample,Nasal,Adult
buccal mucosa,508703490,,SRS104169,SRS104169,Sample,Oral,Adult
buccal mucosa,765195863,,SRS104282,SRS104282,Sample,Oral,Adult
external naris,765195863,,SRS104302,SRS104302,Sample,Nasal,Adult
external naris,765377934,,SRS104641,SRS104641,Sample,Nasal,Adult
buccal mucosa,765377934,,SRS104649,SRS104649,Sample,Oral,Adult
buccal mucosa,765519544,,SRS104964,SRS104964,Sample,Oral,Adult
external naris,765519544,,SRS104974,SRS104974,Sample,Nasal,Adult
external naris,823052294,,SRS105080,SRS105080,Sample,Nasal,Adult
buccal mucosa,823052294,,SRS105091,SRS105091,Sample,Oral,Adult
external naris,765337473,,SRS105128,SRS105128,Sample,Nasal,Adult
buccal mucosa,765337473,,SRS105140,SRS105140,Sample,Oral,Adult
external naris,646253328,,SRS1055045,SRS1055045,Sample,Nasal,Adult
buccal mucosa,646253328,,SRS1055047,SRS1055047,Sample,Oral,Adult
external naris,195044680,,SRS1055050,SRS1055050,Sample,Nasal,Adult
external naris,316129862,,SRS1055057,SRS1055057,Sample,Nasal,Adult
buccal mucosa,316129862,,SRS1055060,SRS1055060,Sample,Oral,Adult
external naris,857980665,,SRS142928,SRS142928,Sample,Nasal,Adult
buccal mucosa,857980665,,SRS142936,SRS142936,Sample,Oral,Adult
buccal mucosa,370027359,,SRS143039,SRS143039,Sample,Oral,Adult
external naris,370027359,,SRS143050,SRS143050,Sample,Nasal,Adult
buccal mucosa,355657046,,SRS143090,SRS143090,Sample,Oral,Adult
external naris,355657046,,SRS143100,SRS143100,Sample,Nasal,Adult
buccal mucosa,305070461,,SRS143137,SRS143137,Sample,Oral,Adult
external naris,305070461,,SRS143147,SRS143147,Sample,Nasal,Adult
buccal mucosa,525622796,,SRS143356,SRS143356,Sample,Oral,Adult
external naris,525622796,,SRS143370,SRS143370,Sample,Nasal,Adult
buccal mucosa,208027353,,SRS143452,SRS143452,Sample,Oral,Adult
external naris,208027353,,SRS143462,SRS143462,Sample,Nasal,Adult
external naris,550534656,,SRS143566,SRS143566,Sample,Nasal,Adult
buccal mucosa,550534656,,SRS143608,SRS143608,Sample,Oral,Adult
buccal mucosa,868454789,,SRS143680,SRS143680,Sample,Oral,Adult
external naris,868454789,,SRS143690,SRS143690,Sample,Nasal,Adult
external naris,764366428,,SRS143738,SRS143738,Sample,Nasal,Adult
buccal mucosa,764366428,,SRS143751,SRS143751,Sample,Oral,Adult
buccal mucosa,765256553,,SRS143832,SRS143832,Sample,Oral,Adult
external naris,765256553,,SRS143841,SRS143841,Sample,Nasal,Adult
buccal mucosa,764508039,,SRS144017,SRS144017,Sample,Oral,Adult
external naris,764508039,,SRS144038,SRS144038,Sample,Nasal,Adult
buccal mucosa,147406386,,SRS144092,SRS144092,Sample,Oral,Adult
external naris,147406386,,SRS144102,SRS144102,Sample,Nasal,Adult
buccal mucosa,764062976,,SRS144196,SRS144196,Sample,Oral,Adult
external naris,764062976,,SRS144213,SRS144213,Sample,Nasal,Adult
buccal mucosa,884797910,,SRS144302,SRS144302,Sample,Oral,Adult
external naris,884797910,,SRS144312,SRS144312,Sample,Nasal,Adult
buccal mucosa,275382046,,SRS144398,SRS144398,Sample,Oral,Adult
external naris,275382046,,SRS144408,SRS144408,Sample,Nasal,Adult
external naris,797461496,,SRS886673,SRS886673,Sample,Nasal,Adult
buccal mucosa,436584885,,SRS886691,SRS886691,Sample,Oral,Adult
buccal mucosa,797461496,,SRS893174,SRS893174,Sample,Oral,Adult
buccal mucosa,596625983,,SRS893301,SRS893301,Sample,Oral,Adult
external naris,596625983,,SRS893319,SRS893319,Sample,Nasal,Adult
buccal mucosa,195044680,,SRS893323,SRS893323,Sample,Oral,Adult
external naris,436584885,,SRS893329,SRS893329,Sample,Nasal,Adult
external naris,182518224,,SRS893343,SRS893343,Sample,Nasal,Adult
buccal mucosa,182518224,,SRS893349,SRS893349,Sample,Oral,Adult
buccal mucosa,886389417,,SRS893354,SRS893354,Sample,Oral,Adult
external naris,886389417,,SRS893356,SRS893356,Sample,Nasal,Adult
buccal mucosa,158458797,,SRS011090,SRS011090,Sample,Oral,Adult
external naris,158458797,,SRS011105,SRS011105,Sample,Nasal,Adult
buccal mucosa,158742018,,SRS011247,SRS011247,Sample,Oral,Adult
external naris,158742018,,SRS011263,SRS011263,Sample,Nasal,Adult
buccal mucosa,158337416,,SRS012281,SRS012281,Sample,Oral,Adult
external naris,158337416,,SRS012291,SRS012291,Sample,Nasal,Adult
buccal mucosa,158802708,,SRS012985,SRS012985,Sample,Oral,Adult
external naris,158802708,,SRS012998,SRS012998,Sample,Nasal,Adult
buccal mucosa,159591683,,SRS013239,SRS013239,Sample,Oral,Adult
external naris,159591683,,SRS013269,SRS013269,Sample,Nasal,Adult
buccal mucosa,159268001,,SRS013711,SRS013711,Sample,Oral,Adult
external naris,159268001,,SRS013740,SRS013740,Sample,Nasal,Adult
external naris,763435843,,SRS013876,SRS013876,Sample,Nasal,Adult
buccal mucosa,763435843,,SRS013881,SRS013881,Sample,Oral,Adult
external naris,763577454,,SRS014464,SRS014464,Sample,Nasal,Adult
buccal mucosa,763577454,,SRS014472,SRS014472,Sample,Oral,Adult
external naris,763961826,,SRS014682,SRS014682,Sample,Nasal,Adult
buccal mucosa,763961826,,SRS014686,SRS014686,Sample,Oral,Adult
buccal mucosa,763860675,,SRS014890,SRS014890,Sample,Oral,Adult
external naris,763860675,,SRS014901,SRS014901,Sample,Nasal,Adult
buccal mucosa,763901136,,SRS015040,SRS015040,Sample,Oral,Adult
external naris,763901136,,SRS015051,SRS015051,Sample,Nasal,Adult
external naris,763982056,,SRS015269,SRS015269,Sample,Nasal,Adult
buccal mucosa,763982056,,SRS015274,SRS015274,Sample,Oral,Adult
external naris,764083206,,SRS015430,SRS015430,Sample,Nasal,Adult
buccal mucosa,764083206,,SRS015436,SRS015436,Sample,Oral,Adult
external naris,764346198,,SRS015584,SRS015584,Sample,Nasal,Adult
buccal mucosa,764346198,,SRS015592,SRS015592,Sample,Oral,Adult
external naris,764487809,,SRS015640,SRS015640,Sample,Nasal,Adult
buccal mucosa,764487809,,SRS015646,SRS015646,Sample,Oral,Adult
buccal mucosa,764224817,,SRS015745,SRS015745,Sample,Oral,Adult
external naris,764224817,,SRS015752,SRS015752,Sample,Nasal,Adult
buccal mucosa,764447348,,SRS015985,SRS015985,Sample,Oral,Adult
external naris,764447348,,SRS015996,SRS015996,Sample,Nasal,Adult
buccal mucosa,764588959,,SRS016088,SRS016088,Sample,Oral,Adult
external naris,764588959,,SRS016105,SRS016105,Sample,Nasal,Adult
external naris,764649650,,SRS016188,SRS016188,Sample,Nasal,Adult
buccal mucosa,764649650,,SRS016196,SRS016196,Sample,Oral,Adult
external naris,765074482,,SRS016292,SRS016292,Sample,Nasal,Adult
buccal mucosa,765074482,,SRS016297,SRS016297,Sample,Oral,Adult
buccal mucosa,159753524,,SRS016503,SRS016503,Sample,Oral,Adult
external naris,159753524,,SRS016513,SRS016513,Sample,Nasal,Adult
external naris,159915365,,SRS016581,SRS016581,Sample,Nasal,Adult
buccal mucosa,159915365,,SRS016600,SRS016600,Sample,Oral,Adult
buccal mucosa,160036745,,SRS016653,SRS016653,Sample,Oral,Adult
external naris,160036745,,SRS016683,SRS016683,Sample,Nasal,Adult
buccal mucosa,160421117,,SRS016742,SRS016742,Sample,Oral,Adult
external naris,160421117,,SRS016752,SRS016752,Sample,Nasal,Adult
buccal mucosa,159490532,,SRS017013,SRS017013,Sample,Oral,Adult
external naris,159490532,,SRS017044,SRS017044,Sample,Nasal,Adult
buccal mucosa,159551223,,SRS017127,SRS017127,Sample,Oral,Adult
external naris,159551223,,SRS017156,SRS017156,Sample,Nasal,Adult
buccal mucosa,159814214,,SRS017215,SRS017215,Sample,Oral,Adult
external naris,159814214,,SRS017244,SRS017244,Sample,Nasal,Adult
buccal mucosa,160340197,,SRS017326,SRS017326,Sample,Oral,Adult
external naris,160340197,,SRS017336,SRS017336,Sample,Nasal,Adult
buccal mucosa,160319967,,SRS017441,SRS017441,Sample,Oral,Adult
external naris,160319967,,SRS017451,SRS017451,Sample,Nasal,Adult
external naris,160502038,,SRS017517,SRS017517,Sample,Nasal,Adult
buccal mucosa,160502038,,SRS017537,SRS017537,Sample,Oral,Adult
buccal mucosa,160542498,,SRS017753,SRS017753,Sample,Oral,Adult
external naris,160542498,,SRS017763,SRS017763,Sample,Nasal,Adult
buccal mucosa,160603188,,SRS017810,SRS017810,Sample,Oral,Adult
external naris,160603188,,SRS017820,SRS017820,Sample,Nasal,Adult
external naris,160380657,,SRS018312,SRS018312,Sample,Nasal,Adult
buccal mucosa,160380657,,SRS018329,SRS018329,Sample,Oral,Adult
buccal mucosa,160178356,,SRS018359,SRS018359,Sample,Oral,Adult
external naris,160178356,,SRS018369,SRS018369,Sample,Nasal,Adult
buccal mucosa,160218816,,SRS018443,SRS018443,Sample,Oral,Adult
external naris,160218816,,SRS018463,SRS018463,Sample,Nasal,Adult
buccal mucosa,765094712,,SRS018569,SRS018569,Sample,Oral,Adult
external naris,765094712,,SRS018585,SRS018585,Sample,Nasal,Adult
buccal mucosa,765013792,,SRS018661,SRS018661,Sample,Oral,Adult
external naris,765013792,,SRS018671,SRS018671,Sample,Nasal,Adult
buccal mucosa,765135172,,SRS018774,SRS018774,Sample,Oral,Adult
external naris,765135172,,SRS018784,SRS018784,Sample,Nasal,Adult
buccal mucosa,764305738,,SRS018971,SRS018971,Sample,Oral,Adult
external naris,764305738,,SRS018981,SRS018981,Sample,Nasal,Adult
external naris,763496533,,SRS019119,SRS019119,Sample,Nasal,Adult
buccal mucosa,763496533,,SRS019124,SRS019124,Sample,Oral,Adult
external naris,765034022,,SRS019215,SRS019215,Sample,Nasal,Adult
buccal mucosa,765034022,,SRS019221,SRS019221,Sample,Oral,Adult
external naris,765560005,,SRS019386,SRS019386,Sample,Nasal,Adult
buccal mucosa,765560005,,SRS019391,SRS019391,Sample,Oral,Adult
external naris,764892411,,SRS019867,SRS019867,Sample,Nasal,Adult
buccal mucosa,764892411,,SRS019872,SRS019872,Sample,Oral,Adult
buccal mucosa,160643649,,SRS019976,SRS019976,Sample,Oral,Adult
external naris,160643649,,SRS019986,SRS019986,Sample,Nasal,Adult
buccal mucosa,160400887,,SRS020222,SRS020222,Sample,Oral,Adult
external naris,160400887,,SRS020232,SRS020232,Sample,Nasal,Adult
buccal mucosa,160704339,,SRS020336,SRS020336,Sample,Oral,Adult
external naris,160704339,,SRS020386,SRS020386,Sample,Nasal,Adult
buccal mucosa,160684109,,SRS020402,SRS020402,Sample,Oral,Adult
external naris,160684109,,SRS020412,SRS020412,Sample,Nasal,Adult
buccal mucosa,160765029,,SRS020858,SRS020858,Sample,Oral,Adult
external naris,160765029,,SRS020868,SRS020868,Sample,Nasal,Adult
buccal mucosa,158479027,,SRS021473,SRS021473,Sample,Oral,Adult
external naris,158479027,,SRS021483,SRS021483,Sample,Nasal,Adult
buccal mucosa,404239096,,SRS045049,SRS045049,Sample,Oral,Adult
buccal mucosa,861967750,,SRS045254,SRS045254,Sample,Oral,Adult
external naris,765701615,,SRS046973,SRS046973,Sample,Nasal,Adult
external naris,404239096,,SRS050025,SRS050025,Sample,Nasal,Adult
buccal mucosa,765701615,,SRS050628,SRS050628,Sample,Oral,Adult
external naris,861967750,,SRS051613,SRS051613,Sample,Nasal,Adult
external naris,765640925,,SRS053437,SRS053437,Sample,Nasal,Adult
buccal mucosa,765640925,,SRS057182,SRS057182,Sample,Oral,Adult
buccal mucosa,159389382,,SRS1041120,SRS1041120,Sample,Oral,Adult
buccal mucosa,763721271,,SRS1055085,SRS1055085,Sample,Oral,Adult
external naris,763721271,,SRS1055087,SRS1055087,Sample,Nasal,Adult
buccal mucosa,441369442,,SRS1055090,SRS1055090,Sample,Oral,Adult
external naris,441369442,,SRS1055092,SRS1055092,Sample,Nasal,Adult
buccal mucosa,160582958,,SRS145505,SRS145505,Sample,Oral,Adult
external naris,160582958,,SRS145515,SRS145515,Sample,Nasal,Adult
buccal mucosa,863126187,,SRS146721,SRS146721,Sample,Oral,Adult
external naris,863126187,,SRS146731,SRS146731,Sample,Nasal,Adult
buccal mucosa,682102541,,SRS146769,SRS146769,Sample,Oral,Adult
external naris,682102541,,SRS146779,SRS146779,Sample,Nasal,Adult
external naris,663835652,,SRS146818,SRS146818,Sample,Nasal,Adult
buccal mucosa,663835652,,SRS146826,SRS146826,Sample,Oral,Adult
buccal mucosa,765620695,,SRS147933,SRS147933,Sample,Oral,Adult
external naris,765620695,,SRS147950,SRS147950,Sample,Nasal,Adult
buccal mucosa,184349034,,SRS148363,SRS148363,Sample,Oral,Adult
external naris,184349034,,SRS148373,SRS148373,Sample,Nasal,Adult
buccal mucosa,765276783,,SRS148726,SRS148726,Sample,Oral,Adult
external naris,765276783,,SRS148736,SRS148736,Sample,Nasal,Adult
buccal mucosa,884419868,,SRS148822,SRS148822,Sample,Oral,Adult
external naris,884419868,,SRS148832,SRS148832,Sample,Nasal,Adult
buccal mucosa,115629832,,SRS149186,SRS149186,Sample,Oral,Adult
external naris,115629832,,SRS149196,SRS149196,Sample,Nasal,Adult
buccal mucosa,764245047,,SRS149581,SRS149581,Sample,Oral,Adult
external naris,764245047,,SRS149591,SRS149591,Sample,Nasal,Adult
buccal mucosa,764872181,,SRS149932,SRS149932,Sample,Oral,Adult
external naris,764872181,,SRS149938,SRS149938,Sample,Nasal,Adult
external naris,162469177,,SRS886676,SRS886676,Sample,Nasal,Adult
buccal mucosa,162469177,,SRS893277,SRS893277,Sample,Oral,Adult
buccal mucosa,535376874,,SRS893286,SRS893286,Sample,Oral,Adult
external naris,535376874,,SRS893294,SRS893294,Sample,Nasal,Adult
buccal mucosa,160987560,,SRS893381,SRS893381,Sample,Oral,Adult
external naris,160987560,,SRS893384,SRS893384,Sample,Nasal,Adult
external naris,159389382,,SRS971427,SRS971427,Sample,Nasal,Adult