Sample,Age,Site,AgeSite
LKMG003-005.allele_mapping_data.txt,Infant,Nasal,InfantNasal
LKMG003-013.allele_mapping_data.txt,Infant,Nasal,InfantNasal
LKMG003-017.allele_mapping_data.txt,Infant,Nasal,InfantNasal
LKMG003-021.allele_mapping_data.txt,Infant,Nasal,InfantNasal
LKMG003-028.allele_mapping_data.txt,Infant,Nasal,InfantNasal
LKMG003-031.allele_mapping_data.txt,Infant,Nasal,InfantNasal
LKMG003-032.allele_mapping_data.txt,Infant,Nasal,InfantNasal
LKMG003-033.allele_mapping_data.txt,Infant,Nasal,InfantNasal
LKMG003-034.allele_mapping_data.txt,Infant,Nasal,InfantNasal
LKMG003-041.allele_mapping_data.txt,Infant,Nasal,InfantNasal
LKMG003-042.allele_mapping_data.txt,Infant,Nasal,InfantNasal
LKMG003-043.allele_mapping_data.txt,Infant,Nasal,InfantNasal
LKMG003-049.allele_mapping_data.txt,Infant,Nasal,InfantNasal
LKMG003-051.allele_mapping_data.txt,Infant,Nasal,InfantNasal
LKMG003-054.allele_mapping_data.txt,Infant,Nasal,InfantNasal
LKMG003-059.allele_mapping_data.txt,Infant,Nasal,InfantNasal
LKMG003-060.allele_mapping_data.txt,Infant,Nasal,InfantNasal
LKMG003-065.allele_mapping_data.txt,Infant,Nasal,InfantNasal
LKMG003-068.allele_mapping_data.txt,Infant,Nasal,InfantNasal
LKMG003-076.allele_mapping_data.txt,Infant,Nasal,InfantNasal
LKMG003-077.allele_mapping_data.txt,Infant,Nasal,InfantNasal
LKMG003-079.allele_mapping_data.txt,Infant,Nasal,InfantNasal
LKMG003-081.allele_mapping_data.txt,Infant,Nasal,InfantNasal
LKMG003-082.allele_mapping_data.txt,Infant,Nasal,InfantNasal
LKMG003-085.allele_mapping_data.txt,Infant,Nasal,InfantNasal
LKMG003-089.allele_mapping_data.txt,Infant,Nasal,InfantNasal
LKMG003-090.allele_mapping_data.txt,Infant,Nasal,InfantNasal
LKMG003-091.allele_mapping_data.txt,Infant,Nasal,InfantNasal
LKMG003-092.allele_mapping_data.txt,Infant,Nasal,InfantNasal
LKMG003-100.allele_mapping_data.txt,Infant,Nasal,InfantNasal
LKMG003-103.allele_mapping_data.txt,Infant,Nasal,InfantNasal
LKMG003-107.allele_mapping_data.txt,Infant,Nasal,InfantNasal
LKMG003-114.allele_mapping_data.txt,Infant,Nasal,InfantNasal
LKMG003-118.allele_mapping_data.txt,Infant,Nasal,InfantNasal
LKMG003-119.allele_mapping_data.txt,Infant,Nasal,InfantNasal
LKMG003-120.allele_mapping_data.txt,Infant,Nasal,InfantNasal
LKMG003-122.allele_mapping_data.txt,Infant,Nasal,InfantNasal
LKMG003-124.allele_mapping_data.txt,Infant,Nasal,InfantNasal
LKMG003-127.allele_mapping_data.txt,Infant,Nasal,InfantNasal
LKMG003-128.allele_mapping_data.txt,Infant,Nasal,InfantNasal
LKMG003-129.allele_mapping_data.txt,Infant,Nasal,InfantNasal
LKMG003-131.allele_mapping_data.txt,Infant,Nasal,InfantNasal
LKMG003-133.allele_mapping_data.txt,Infant,Nasal,InfantNasal
LKMG003-138.allele_mapping_data.txt,Infant,Nasal,InfantNasal
LKMG003-141.allele_mapping_data.txt,Infant,Nasal,InfantNasal
LKMG003-144.allele_mapping_data.txt,Infant,Nasal,InfantNasal
LKMG003-151.allele_mapping_data.txt,Infant,Nasal,InfantNasal
LKMG003-154.allele_mapping_data.txt,Infant,Nasal,InfantNasal
LKMG003-155.allele_mapping_data.txt,Infant,Nasal,InfantNasal
LKMG003-156.allele_mapping_data.txt,Infant,Nasal,InfantNasal
LKMG003-157.allele_mapping_data.txt,Infant,Nasal,InfantNasal
LKMG003-160.allele_mapping_data.txt,Infant,Nasal,InfantNasal
LKMG003-163.allele_mapping_data.txt,Infant,Nasal,InfantNasal
LKMG003-165.allele_mapping_data.txt,Infant,Nasal,InfantNasal
LKMG003-167.allele_mapping_data.txt,Infant,Nasal,InfantNasal
LKMG003-174.allele_mapping_data.txt,Infant,Nasal,InfantNasal
LKMG003-176.allele_mapping_data.txt,Infant,Nasal,InfantNasal
LKMG003-177.allele_mapping_data.txt,Infant,Nasal,InfantNasal
LKMG003-179.allele_mapping_data.txt,Infant,Nasal,InfantNasal
LKMG003-182.allele_mapping_data.txt,Infant,Nasal,InfantNasal
LKMG003-183.allele_mapping_data.txt,Infant,Nasal,InfantNasal
LKMG003-184.allele_mapping_data.txt,Infant,Nasal,InfantNasal
LKMG003-186.allele_mapping_data.txt,Infant,Nasal,InfantNasal
LKMG003-189.allele_mapping_data.txt,Infant,Nasal,InfantNasal
LKMG003-192.allele_mapping_data.txt,Infant,Nasal,InfantNasal
LKMG003-194.allele_mapping_data.txt,Infant,Nasal,InfantNasal
LKMG003-196.allele_mapping_data.txt,Infant,Nasal,InfantNasal
LKMG003-199.allele_mapping_data.txt,Infant,Nasal,InfantNasal
LKMG003-200.allele_mapping_data.txt,Infant,Nasal,InfantNasal
LKMG003-202.allele_mapping_data.txt,Infant,Nasal,InfantNasal
LKMG003-204.allele_mapping_data.txt,Infant,Nasal,InfantNasal
LKMG003-205.allele_mapping_data.txt,Infant,Nasal,InfantNasal
LKMG003-213.allele_mapping_data.txt,Infant,Nasal,InfantNasal
LKMG003-214.allele_mapping_data.txt,Infant,Nasal,InfantNasal
LKMG003-215.allele_mapping_data.txt,Infant,Nasal,InfantNasal
LKMG003-216.allele_mapping_data.txt,Infant,Nasal,InfantNasal
LKMG003-217.allele_mapping_data.txt,Infant,Nasal,InfantNasal
LKMG003-218.allele_mapping_data.txt,Infant,Nasal,InfantNasal
LKMG003-219.allele_mapping_data.txt,Infant,Nasal,InfantNasal
LKMG003-220.allele_mapping_data.txt,Infant,Nasal,InfantNasal
LKMG003-225.allele_mapping_data.txt,Infant,Nasal,InfantNasal
LKMG003-226.allele_mapping_data.txt,Infant,Nasal,InfantNasal
LKMG003-228.allele_mapping_data.txt,Infant,Nasal,InfantNasal
LKMG003-229.allele_mapping_data.txt,Infant,Nasal,InfantNasal
LKMG003-232.allele_mapping_data.txt,Infant,Nasal,InfantNasal
LKMG003-234.allele_mapping_data.txt,Infant,Nasal,InfantNasal
LKMG003-236.allele_mapping_data.txt,Infant,Nasal,InfantNasal
LKMG003-240.allele_mapping_data.txt,Infant,Nasal,InfantNasal
LKMG003-241.allele_mapping_data.txt,Infant,Nasal,InfantNasal
LKMG003-243.allele_mapping_data.txt,Infant,Oral,InfantOral
LKMG003-244.allele_mapping_data.txt,Infant,Oral,InfantOral
LKMG003-245.allele_mapping_data.txt,Infant,Oral,InfantOral
LKMG003-246.allele_mapping_data.txt,Infant,Oral,InfantOral
LKMG003-247.allele_mapping_data.txt,Infant,Oral,InfantOral
LKMG003-248.allele_mapping_data.txt,Infant,Oral,InfantOral
LKMG003-249.allele_mapping_data.txt,Infant,Oral,InfantOral
LKMG003-250.allele_mapping_data.txt,Infant,Oral,InfantOral
LKMG003-251.allele_mapping_data.txt,Infant,Oral,InfantOral
LKMG003-252.allele_mapping_data.txt,Infant,Oral,InfantOral
LKMG003-253.allele_mapping_data.txt,Infant,Oral,InfantOral
LKMG003-254.allele_mapping_data.txt,Infant,Oral,InfantOral
LKMG003-255.allele_mapping_data.txt,Infant,Oral,InfantOral
LKMG003-256.allele_mapping_data.txt,Infant,Oral,InfantOral
LKMG003-257.allele_mapping_data.txt,Infant,Oral,InfantOral
LKMG003-258.allele_mapping_data.txt,Infant,Oral,InfantOral
LKMG003-259.allele_mapping_data.txt,Infant,Oral,InfantOral
LKMG003-260.allele_mapping_data.txt,Infant,Oral,InfantOral
LKMG003-261.allele_mapping_data.txt,Infant,Oral,InfantOral
LKMG003-262.allele_mapping_data.txt,Infant,Oral,InfantOral
LKMG003-263.allele_mapping_data.txt,Infant,Oral,InfantOral
LKMG003-264.allele_mapping_data.txt,Infant,Oral,InfantOral
LKMG003-265.allele_mapping_data.txt,Infant,Oral,InfantOral
LKMG003-267.allele_mapping_data.txt,Infant,Oral,InfantOral
LKMG003-268.allele_mapping_data.txt,Infant,Oral,InfantOral
LKMG003-269.allele_mapping_data.txt,Infant,Oral,InfantOral
LKMG003-270.allele_mapping_data.txt,Infant,Oral,InfantOral
LKMG003-271.allele_mapping_data.txt,Infant,Oral,InfantOral
LKMG003-272.allele_mapping_data.txt,Infant,Oral,InfantOral
LKMG003-273.allele_mapping_data.txt,Infant,Oral,InfantOral
LKMG003-274.allele_mapping_data.txt,Infant,Oral,InfantOral
LKMG003-275.allele_mapping_data.txt,Infant,Oral,InfantOral
LKMG003-276.allele_mapping_data.txt,Infant,Oral,InfantOral
LKMG003-277.allele_mapping_data.txt,Infant,Oral,InfantOral
LKMG003-278.allele_mapping_data.txt,Infant,Oral,InfantOral
LKMG003-279.allele_mapping_data.txt,Infant,Oral,InfantOral
LKMG003-280.allele_mapping_data.txt,Infant,Oral,InfantOral
LKMG003-281.allele_mapping_data.txt,Infant,Oral,InfantOral
LKMG003-282.allele_mapping_data.txt,Infant,Oral,InfantOral
LKMG003-283.allele_mapping_data.txt,Infant,Oral,InfantOral
LKMG003-284.allele_mapping_data.txt,Infant,Oral,InfantOral
LKMG003-285.allele_mapping_data.txt,Infant,Oral,InfantOral
LKMG003-286.allele_mapping_data.txt,Infant,Oral,InfantOral
LKMG003-287.allele_mapping_data.txt,Infant,Oral,InfantOral
LKMG003-288.allele_mapping_data.txt,Infant,Oral,InfantOral
LKMG003-289.allele_mapping_data.txt,Infant,Oral,InfantOral
LKMG003-291.allele_mapping_data.txt,Infant,Oral,InfantOral
LKMG003-292.allele_mapping_data.txt,Infant,Oral,InfantOral
LKMG003-293.allele_mapping_data.txt,Infant,Oral,InfantOral
LKMG003-294.allele_mapping_data.txt,Infant,Oral,InfantOral
LKMG003-295.allele_mapping_data.txt,Infant,Oral,InfantOral
LKMG003-296.allele_mapping_data.txt,Infant,Oral,InfantOral
LKMG003-297.allele_mapping_data.txt,Infant,Oral,InfantOral
LKMG003-298.allele_mapping_data.txt,Infant,Oral,InfantOral
LKMG003-299.allele_mapping_data.txt,Infant,Oral,InfantOral
LKMG003-300.allele_mapping_data.txt,Infant,Oral,InfantOral
LKMG003-301.allele_mapping_data.txt,Infant,Oral,InfantOral
LKMG003-302.allele_mapping_data.txt,Infant,Oral,InfantOral
LKMG003-303.allele_mapping_data.txt,Infant,Oral,InfantOral
LKMG003-304.allele_mapping_data.txt,Infant,Oral,InfantOral
LKMG003-305.allele_mapping_data.txt,Infant,Oral,InfantOral
LKMG003-306.allele_mapping_data.txt,Infant,Oral,InfantOral
LKMG003-307.allele_mapping_data.txt,Infant,Oral,InfantOral
LKMG003-308.allele_mapping_data.txt,Infant,Oral,InfantOral
LKMG003-309.allele_mapping_data.txt,Infant,Oral,InfantOral
LKMG003-310.allele_mapping_data.txt,Infant,Oral,InfantOral
LKMG003-311.allele_mapping_data.txt,Infant,Oral,InfantOral
LKMG003-312.allele_mapping_data.txt,Infant,Oral,InfantOral
LKMG003-313.allele_mapping_data.txt,Infant,Oral,InfantOral
LKMG003-315.allele_mapping_data.txt,Infant,Oral,InfantOral
LKMG003-316.allele_mapping_data.txt,Infant,Oral,InfantOral
LKMG003-317.allele_mapping_data.txt,Infant,Oral,InfantOral
LKMG003-318.allele_mapping_data.txt,Infant,Oral,InfantOral
LKMG003-319.allele_mapping_data.txt,Infant,Oral,InfantOral
LKMG003-320.allele_mapping_data.txt,Infant,Oral,InfantOral
LKMG003-321.allele_mapping_data.txt,Infant,Oral,InfantOral
LKMG003-322.allele_mapping_data.txt,Infant,Oral,InfantOral
LKMG003-323.allele_mapping_data.txt,Infant,Oral,InfantOral
LKMG003-324.allele_mapping_data.txt,Infant,Oral,InfantOral
LKMG003-325.allele_mapping_data.txt,Infant,Oral,InfantOral
LKMG003-326.allele_mapping_data.txt,Infant,Oral,InfantOral
LKMG003-327.allele_mapping_data.txt,Infant,Oral,InfantOral
LKMG003-328.allele_mapping_data.txt,Infant,Oral,InfantOral
LKMG003-329.allele_mapping_data.txt,Infant,Oral,InfantOral
LKMG003-330.allele_mapping_data.txt,Infant,Oral,InfantOral
LKMG003-331.allele_mapping_data.txt,Infant,Oral,InfantOral
LKMG003-332.allele_mapping_data.txt,Infant,Oral,InfantOral
LKMG003-333.allele_mapping_data.txt,Infant,Oral,InfantOral
LKMG003-334.allele_mapping_data.txt,Infant,Oral,InfantOral
LKMG003-335.allele_mapping_data.txt,Infant,Oral,InfantOral
LKMG003-336.allele_mapping_data.txt,Infant,Oral,InfantOral
LKMG003-337.allele_mapping_data.txt,Infant,Oral,InfantOral
LKMG003-339.allele_mapping_data.txt,Infant,Oral,InfantOral
LKMG003-340.allele_mapping_data.txt,Infant,Oral,InfantOral
LKMG003-341.allele_mapping_data.txt,Infant,Oral,InfantOral
LKMG003-342.allele_mapping_data.txt,Infant,Oral,InfantOral
LKMG003-343.allele_mapping_data.txt,Infant,Oral,InfantOral
LKMG003-344.allele_mapping_data.txt,Infant,Oral,InfantOral
LKMG003-345.allele_mapping_data.txt,Infant,Oral,InfantOral
LKMG003-346.allele_mapping_data.txt,Infant,Oral,InfantOral
LKMG003-347.allele_mapping_data.txt,Infant,Oral,InfantOral
LKMG003-348.allele_mapping_data.txt,Infant,Oral,InfantOral
LKMG003-349.allele_mapping_data.txt,Infant,Oral,InfantOral
LKMG003-350.allele_mapping_data.txt,Infant,Oral,InfantOral
LKMG003-351.allele_mapping_data.txt,Infant,Oral,InfantOral
LKMG003-352.allele_mapping_data.txt,Infant,Oral,InfantOral
LKMG003-353.allele_mapping_data.txt,Infant,Oral,InfantOral
LKMG003-354.allele_mapping_data.txt,Infant,Oral,InfantOral
LKMG003-355.allele_mapping_data.txt,Infant,Oral,InfantOral
LKMG003-356.allele_mapping_data.txt,Infant,Oral,InfantOral
LKMG003-357.allele_mapping_data.txt,Infant,Oral,InfantOral
LKMG003-358.allele_mapping_data.txt,Infant,Oral,InfantOral
LKMG003-359.allele_mapping_data.txt,Infant,Oral,InfantOral
LKMG003-360.allele_mapping_data.txt,Infant,Oral,InfantOral
LKMG003-361.allele_mapping_data.txt,Infant,Oral,InfantOral
LKMG003-363.allele_mapping_data.txt,Infant,Oral,InfantOral
LKMG003-364.allele_mapping_data.txt,Infant,Oral,InfantOral
LKMG003-365.allele_mapping_data.txt,Infant,Oral,InfantOral
LKMG003-366.allele_mapping_data.txt,Infant,Oral,InfantOral
LKMG003-367.allele_mapping_data.txt,Infant,Oral,InfantOral
LKMG003-368.allele_mapping_data.txt,Infant,Oral,InfantOral
LKMG003-369.allele_mapping_data.txt,Infant,Oral,InfantOral
LKMG003-370.allele_mapping_data.txt,Infant,Oral,InfantOral
LKMG003-371.allele_mapping_data.txt,Infant,Oral,InfantOral
LKMG003-372.allele_mapping_data.txt,Infant,Oral,InfantOral
LKMG003-373.allele_mapping_data.txt,Infant,Oral,InfantOral
LKMG003-374.allele_mapping_data.txt,Infant,Oral,InfantOral
LKMG003-375.allele_mapping_data.txt,Infant,Oral,InfantOral
LKMG003-376.allele_mapping_data.txt,Infant,Oral,InfantOral
LKMG003-377.allele_mapping_data.txt,Infant,Oral,InfantOral
LKMG003-378.allele_mapping_data.txt,Infant,Oral,InfantOral
LKMG003-379.allele_mapping_data.txt,Infant,Oral,InfantOral
LKMG003-380.allele_mapping_data.txt,Infant,Oral,InfantOral
LKMG003-381.allele_mapping_data.txt,Infant,Oral,InfantOral
LKMG003-382.allele_mapping_data.txt,Infant,Oral,InfantOral
LKMG003-383.allele_mapping_data.txt,Infant,Oral,InfantOral
LKMG003-384.allele_mapping_data.txt,Infant,Oral,InfantOral
LKMG003-385.allele_mapping_data.txt,Infant,Oral,InfantOral
LKMG003-387.allele_mapping_data.txt,Infant,Oral,InfantOral
LKMG003-388.allele_mapping_data.txt,Infant,Oral,InfantOral
LKMG003-389.allele_mapping_data.txt,Infant,Oral,InfantOral
LKMG003-390.allele_mapping_data.txt,Infant,Oral,InfantOral
LKMG003-391.allele_mapping_data.txt,Infant,Oral,InfantOral
LKMG003-392.allele_mapping_data.txt,Infant,Oral,InfantOral
LKMG003-393.allele_mapping_data.txt,Infant,Oral,InfantOral
LKMG003-394.allele_mapping_data.txt,Infant,Oral,InfantOral
LKMG003-395.allele_mapping_data.txt,Infant,Oral,InfantOral
LKMG003-396.allele_mapping_data.txt,Infant,Oral,InfantOral
LKMG003-397.allele_mapping_data.txt,Infant,Oral,InfantOral
LKMG003-398.allele_mapping_data.txt,Infant,Oral,InfantOral
LKMG003-399.allele_mapping_data.txt,Infant,Oral,InfantOral
LKMG003-400.allele_mapping_data.txt,Infant,Oral,InfantOral
LKMG003-401.allele_mapping_data.txt,Infant,Oral,InfantOral
LKMG003-402.allele_mapping_data.txt,Infant,Oral,InfantOral
LKMG003-403.allele_mapping_data.txt,Infant,Oral,InfantOral
LKMG003-404.allele_mapping_data.txt,Infant,Oral,InfantOral
LKMG003-405.allele_mapping_data.txt,Infant,Oral,InfantOral
LKMG003-406.allele_mapping_data.txt,Infant,Oral,InfantOral
LKMG003-407.allele_mapping_data.txt,Infant,Oral,InfantOral
LKMG003-408.allele_mapping_data.txt,Infant,Oral,InfantOral
LKMG003-411.allele_mapping_data.txt,Infant,Oral,InfantOral
LKMG003-412.allele_mapping_data.txt,Infant,Oral,InfantOral
LKMG003-413.allele_mapping_data.txt,Infant,Oral,InfantOral
LKMG003-414.allele_mapping_data.txt,Infant,Oral,InfantOral
LKMG003-415.allele_mapping_data.txt,Infant,Oral,InfantOral
LKMG003-416.allele_mapping_data.txt,Infant,Oral,InfantOral
LKMG003-417.allele_mapping_data.txt,Infant,Oral,InfantOral
LKMG003-418.allele_mapping_data.txt,Infant,Oral,InfantOral
LKMG003-419.allele_mapping_data.txt,Infant,Oral,InfantOral
LKMG003-420.allele_mapping_data.txt,Infant,Oral,InfantOral
LKMG003-421.allele_mapping_data.txt,Infant,Oral,InfantOral
LKMG003-422.allele_mapping_data.txt,Infant,Oral,InfantOral
LKMG003-423.allele_mapping_data.txt,Infant,Oral,InfantOral
LKMG003-424.allele_mapping_data.txt,Infant,Oral,InfantOral
LKMG003-425.allele_mapping_data.txt,Infant,Oral,InfantOral
LKMG003-426.allele_mapping_data.txt,Infant,Oral,InfantOral
LKMG003-427.allele_mapping_data.txt,Infant,Oral,InfantOral
LKMG003-428.allele_mapping_data.txt,Infant,Oral,InfantOral
LKMG003-429.allele_mapping_data.txt,Infant,Oral,InfantOral
LKMG003-430.allele_mapping_data.txt,Infant,Oral,InfantOral
LKMG003-431.allele_mapping_data.txt,Infant,Oral,InfantOral
LKMG003-432.allele_mapping_data.txt,Infant,Oral,InfantOral
LKMG003-434.allele_mapping_data.txt,Infant,Oral,InfantOral
LKMG003-435.allele_mapping_data.txt,Infant,Oral,InfantOral
LKMG003-436.allele_mapping_data.txt,Infant,Oral,InfantOral
LKMG003-437.allele_mapping_data.txt,Infant,Oral,InfantOral
LKMG003-438.allele_mapping_data.txt,Infant,Oral,InfantOral
LKMG003-439.allele_mapping_data.txt,Infant,Oral,InfantOral
LKMG003-440.allele_mapping_data.txt,Infant,Oral,InfantOral
LKMG003-441.allele_mapping_data.txt,Infant,Oral,InfantOral
LKMG003-442.allele_mapping_data.txt,Infant,Oral,InfantOral
LKMG003-443.allele_mapping_data.txt,Infant,Oral,InfantOral
LKMG003-444.allele_mapping_data.txt,Infant,Oral,InfantOral
LKMG003-445.allele_mapping_data.txt,Infant,Oral,InfantOral
LKMG003-446.allele_mapping_data.txt,Infant,Oral,InfantOral
LKMG003-447.allele_mapping_data.txt,Infant,Oral,InfantOral
LKMG003-448.allele_mapping_data.txt,Infant,Oral,InfantOral
LKMG003-449.allele_mapping_data.txt,Infant,Oral,InfantOral
LKMG003-450.allele_mapping_data.txt,Infant,Oral,InfantOral
LKMG003-451.allele_mapping_data.txt,Infant,Oral,InfantOral
LKMG003-452.allele_mapping_data.txt,Infant,Oral,InfantOral
LKMG003-453.allele_mapping_data.txt,Infant,Oral,InfantOral
LKMG003-454.allele_mapping_data.txt,Infant,Oral,InfantOral
LKMG003-455.allele_mapping_data.txt,Infant,Oral,InfantOral
LKMG003-457.allele_mapping_data.txt,Infant,Oral,InfantOral
LKMG003-458.allele_mapping_data.txt,Infant,Oral,InfantOral
LKMG003-459.allele_mapping_data.txt,Infant,Oral,InfantOral
LKMG003-460.allele_mapping_data.txt,Infant,Oral,InfantOral
LKMG003-461.allele_mapping_data.txt,Infant,Oral,InfantOral
LKMG003-462.allele_mapping_data.txt,Infant,Oral,InfantOral
LKMG003-463.allele_mapping_data.txt,Infant,Oral,InfantOral
LKMG003-464.allele_mapping_data.txt,Infant,Oral,InfantOral
SRS011090.allele_mapping_data.txt,Adult,Oral,AdultOral
SRS011105.allele_mapping_data.txt,Adult,Nasal,AdultNasal
SRS011247.allele_mapping_data.txt,Adult,Oral,AdultOral
SRS012281.allele_mapping_data.txt,Adult,Oral,AdultOral
SRS012985.allele_mapping_data.txt,Adult,Oral,AdultOral
SRS012998.allele_mapping_data.txt,Adult,Nasal,AdultNasal
SRS013239.allele_mapping_data.txt,Adult,Oral,AdultOral
SRS013711.allele_mapping_data.txt,Adult,Oral,AdultOral
SRS013740.allele_mapping_data.txt,Adult,Nasal,AdultNasal
SRS013876.allele_mapping_data.txt,Adult,Nasal,AdultNasal
SRS013881.allele_mapping_data.txt,Adult,Oral,AdultOral
SRS014472.allele_mapping_data.txt,Adult,Oral,AdultOral
SRS014682.allele_mapping_data.txt,Adult,Nasal,AdultNasal
SRS014686.allele_mapping_data.txt,Adult,Oral,AdultOral
SRS014890.allele_mapping_data.txt,Adult,Oral,AdultOral
SRS014901.allele_mapping_data.txt,Adult,Nasal,AdultNasal
SRS015040.allele_mapping_data.txt,Adult,Oral,AdultOral
SRS015274.allele_mapping_data.txt,Adult,Oral,AdultOral
SRS015436.allele_mapping_data.txt,Adult,Oral,AdultOral
SRS015592.allele_mapping_data.txt,Adult,Oral,AdultOral
SRS015646.allele_mapping_data.txt,Adult,Oral,AdultOral
SRS015745.allele_mapping_data.txt,Adult,Oral,AdultOral
SRS015752.allele_mapping_data.txt,Adult,Nasal,AdultNasal
SRS015985.allele_mapping_data.txt,Adult,Oral,AdultOral
SRS015996.allele_mapping_data.txt,Adult,Nasal,AdultNasal
SRS016105.allele_mapping_data.txt,Adult,Nasal,AdultNasal
SRS016188.allele_mapping_data.txt,Adult,Nasal,AdultNasal
SRS016196.allele_mapping_data.txt,Adult,Oral,AdultOral
SRS016292.allele_mapping_data.txt,Adult,Nasal,AdultNasal
SRS016297.allele_mapping_data.txt,Adult,Oral,AdultOral
SRS016503.allele_mapping_data.txt,Adult,Oral,AdultOral
SRS016600.allele_mapping_data.txt,Adult,Oral,AdultOral
SRS016653.allele_mapping_data.txt,Adult,Oral,AdultOral
SRS016683.allele_mapping_data.txt,Adult,Nasal,AdultNasal
SRS016742.allele_mapping_data.txt,Adult,Oral,AdultOral
SRS016752.allele_mapping_data.txt,Adult,Nasal,AdultNasal
SRS017013.allele_mapping_data.txt,Adult,Oral,AdultOral
SRS017044.allele_mapping_data.txt,Adult,Nasal,AdultNasal
SRS017127.allele_mapping_data.txt,Adult,Oral,AdultOral
SRS017215.allele_mapping_data.txt,Adult,Oral,AdultOral
SRS017326.allele_mapping_data.txt,Adult,Oral,AdultOral
SRS017441.allele_mapping_data.txt,Adult,Oral,AdultOral
SRS017451.allele_mapping_data.txt,Adult,Nasal,AdultNasal
SRS017517.allele_mapping_data.txt,Adult,Nasal,AdultNasal
SRS017537.allele_mapping_data.txt,Adult,Oral,AdultOral
SRS017753.allele_mapping_data.txt,Adult,Oral,AdultOral
SRS017810.allele_mapping_data.txt,Adult,Oral,AdultOral
SRS017820.allele_mapping_data.txt,Adult,Nasal,AdultNasal
SRS018329.allele_mapping_data.txt,Adult,Oral,AdultOral
SRS018359.allele_mapping_data.txt,Adult,Oral,AdultOral
SRS018443.allele_mapping_data.txt,Adult,Oral,AdultOral
SRS018569.allele_mapping_data.txt,Adult,Oral,AdultOral
SRS018661.allele_mapping_data.txt,Adult,Oral,AdultOral
SRS018774.allele_mapping_data.txt,Adult,Oral,AdultOral
SRS018971.allele_mapping_data.txt,Adult,Oral,AdultOral
SRS019119.allele_mapping_data.txt,Adult,Nasal,AdultNasal
SRS019124.allele_mapping_data.txt,Adult,Oral,AdultOral
SRS019221.allele_mapping_data.txt,Adult,Oral,AdultOral
SRS019391.allele_mapping_data.txt,Adult,Oral,AdultOral
SRS019867.allele_mapping_data.txt,Adult,Nasal,AdultNasal
SRS019872.allele_mapping_data.txt,Adult,Oral,AdultOral
SRS019976.allele_mapping_data.txt,Adult,Oral,AdultOral
SRS019986.allele_mapping_data.txt,Adult,Nasal,AdultNasal
SRS020222.allele_mapping_data.txt,Adult,Oral,AdultOral
SRS020232.allele_mapping_data.txt,Adult,Nasal,AdultNasal
SRS020336.allele_mapping_data.txt,Adult,Oral,AdultOral
SRS020386.allele_mapping_data.txt,Adult,Nasal,AdultNasal
SRS020402.allele_mapping_data.txt,Adult,Oral,AdultOral
SRS020412.allele_mapping_data.txt,Adult,Nasal,AdultNasal
SRS020858.allele_mapping_data.txt,Adult,Oral,AdultOral
SRS021473.allele_mapping_data.txt,Adult,Oral,AdultOral
SRS045049.allele_mapping_data.txt,Adult,Oral,AdultOral
SRS045254.allele_mapping_data.txt,Adult,Oral,AdultOral
SRS046973.allele_mapping_data.txt,Adult,Nasal,AdultNasal
SRS050025.allele_mapping_data.txt,Adult,Nasal,AdultNasal
SRS050628.allele_mapping_data.txt,Adult,Oral,AdultOral
SRS057182.allele_mapping_data.txt,Adult,Oral,AdultOral
SRS103943.allele_mapping_data.txt,Adult,Oral,AdultOral
SRS1041120.allele_mapping_data.txt,Adult,Oral,AdultOral
SRS104169.allele_mapping_data.txt,Adult,Oral,AdultOral
SRS104282.allele_mapping_data.txt,Adult,Oral,AdultOral
SRS104641.allele_mapping_data.txt,Adult,Nasal,AdultNasal
SRS104649.allele_mapping_data.txt,Adult,Oral,AdultOral
SRS104964.allele_mapping_data.txt,Adult,Oral,AdultOral
SRS105080.allele_mapping_data.txt,Adult,Nasal,AdultNasal
SRS105091.allele_mapping_data.txt,Adult,Oral,AdultOral
SRS105140.allele_mapping_data.txt,Adult,Oral,AdultOral
SRS1055050.allele_mapping_data.txt,Adult,Nasal,AdultNasal
SRS1055057.allele_mapping_data.txt,Adult,Oral,AdultOral
SRS1055060.allele_mapping_data.txt,Adult,Oral,AdultOral
SRS1055085.allele_mapping_data.txt,Adult,Oral,AdultOral
SRS1055087.allele_mapping_data.txt,Adult,Nasal,AdultNasal
SRS1055090.allele_mapping_data.txt,Adult,Oral,AdultOral
SRS1055092.allele_mapping_data.txt,Adult,Nasal,AdultNasal
SRS142928.allele_mapping_data.txt,Adult,Nasal,AdultNasal
SRS142936.allele_mapping_data.txt,Adult,Oral,AdultOral
SRS143039.allele_mapping_data.txt,Adult,Oral,AdultOral
SRS143050.allele_mapping_data.txt,Adult,Nasal,AdultNasal
SRS143090.allele_mapping_data.txt,Adult,Oral,AdultOral
SRS143100.allele_mapping_data.txt,Adult,Nasal,AdultNasal
SRS143137.allele_mapping_data.txt,Adult,Oral,AdultOral
SRS143147.allele_mapping_data.txt,Adult,Nasal,AdultNasal
SRS143356.allele_mapping_data.txt,Adult,Oral,AdultOral
SRS143370.allele_mapping_data.txt,Adult,Nasal,AdultNasal
SRS143452.allele_mapping_data.txt,Adult,Oral,AdultOral
SRS143608.allele_mapping_data.txt,Adult,Oral,AdultOral
SRS143680.allele_mapping_data.txt,Adult,Oral,AdultOral
SRS143690.allele_mapping_data.txt,Adult,Nasal,AdultNasal
SRS143751.allele_mapping_data.txt,Adult,Oral,AdultOral
SRS143832.allele_mapping_data.txt,Adult,Oral,AdultOral
SRS143841.allele_mapping_data.txt,Adult,Nasal,AdultNasal
SRS144017.allele_mapping_data.txt,Adult,Oral,AdultOral
SRS144092.allele_mapping_data.txt,Adult,Oral,AdultOral
SRS144196.allele_mapping_data.txt,Adult,Oral,AdultOral
SRS144302.allele_mapping_data.txt,Adult,Oral,AdultOral
SRS144312.allele_mapping_data.txt,Adult,Nasal,AdultNasal
SRS144398.allele_mapping_data.txt,Adult,Oral,AdultOral
SRS145505.allele_mapping_data.txt,Adult,Oral,AdultOral
SRS145515.allele_mapping_data.txt,Adult,Nasal,AdultNasal
SRS146721.allele_mapping_data.txt,Adult,Oral,AdultOral
SRS146769.allele_mapping_data.txt,Adult,Oral,AdultOral
SRS146826.allele_mapping_data.txt,Adult,Oral,AdultOral
SRS147933.allele_mapping_data.txt,Adult,Oral,AdultOral
SRS148363.allele_mapping_data.txt,Adult,Oral,AdultOral
SRS148726.allele_mapping_data.txt,Adult,Oral,AdultOral
SRS148736.allele_mapping_data.txt,Adult,Nasal,AdultNasal
SRS148822.allele_mapping_data.txt,Adult,Oral,AdultOral
SRS148832.allele_mapping_data.txt,Adult,Nasal,AdultNasal
SRS149186.allele_mapping_data.txt,Adult,Oral,AdultOral
SRS149196.allele_mapping_data.txt,Adult,Nasal,AdultNasal
SRS149581.allele_mapping_data.txt,Adult,Oral,AdultOral
SRS149591.allele_mapping_data.txt,Adult,Nasal,AdultNasal
SRS149938.allele_mapping_data.txt,Adult,Nasal,AdultNasal
SRS886673.allele_mapping_data.txt,Adult,Nasal,AdultNasal
SRS893174.allele_mapping_data.txt,Adult,Oral,AdultOral
SRS893277.allele_mapping_data.txt,Adult,Oral,AdultOral
SRS893286.allele_mapping_data.txt,Adult,Oral,AdultOral
SRS893301.allele_mapping_data.txt,Adult,Oral,AdultOral
SRS893323.allele_mapping_data.txt,Adult,Oral,AdultOral
SRS893343.allele_mapping_data.txt,Adult,Nasal,AdultNasal
SRS893349.allele_mapping_data.txt,Adult,Oral,AdultOral
SRS893354.allele_mapping_data.txt,Adult,Oral,AdultOral
SRS893381.allele_mapping_data.txt,Adult,Oral,AdultOral
SRS893384.allele_mapping_data.txt,Adult,Nasal,AdultNasal
SRS971427.allele_mapping_data.txt,Adult,Nasal,AdultNasal
